id,survey,age,sex,pcr_positive,act_use,bednet_use,parasite_density
SUBJ0001,survey_1,38,Female,0,1,1,0
SUBJ0002,survey_1,64,Male,0,0,1,0
SUBJ0003,survey_1,32,Female,0,1,1,0
SUBJ0004,survey_1,1,Female,0,0,1,0
SUBJ0005,survey_1,25,Female,0,0,1,0
SUBJ0006,survey_1,7,Female,1,0,1,5402
SUBJ0007,survey_1,61,Male,0,0,0,0
SUBJ0008,survey_1,54,Female,0,0,0,0
SUBJ0009,survey_1,20,Female,0,0,1,0
SUBJ0010,survey_1,52,Female,0,1,1,0
SUBJ0011,survey_1,65,Female,0,0,1,0
SUBJ0012,survey_1,9,Female,1,1,1,8055
SUBJ0013,survey_1,47,Male,0,0,0,0
SUBJ0014,survey_1,5,Female,1,0,0,3766
SUBJ0015,survey_1,40,Female,0,1,1,0
SUBJ0016,survey_1,47,Female,0,1,1,0
SUBJ0017,survey_1,4,Female,0,1,0,0
SUBJ0018,survey_1,29,Female,0,0,1,0
SUBJ0019,survey_1,4,Male,0,1,0,0
SUBJ0020,survey_1,32,Female,0,1,0,0
SUBJ0021,survey_1,7,Female,1,1,0,10000
SUBJ0022,survey_1,20,Male,1,1,0,3130
SUBJ0023,survey_1,22,Female,0,0,1,0
SUBJ0024,survey_1,6,Male,1,0,0,8800
SUBJ0025,survey_1,17,Male,0,0,0,0
SUBJ0026,survey_1,44,Male,0,1,0,0
SUBJ0027,survey_1,13,Female,0,0,1,0
SUBJ0028,survey_1,4,Male,1,0,1,8121
SUBJ0029,survey_1,61,Male,0,0,1,0
SUBJ0030,survey_1,25,Male,1,1,0,2694
SUBJ0031,survey_1,49,Female,1,1,1,154
SUBJ0032,survey_1,6,Female,0,0,1,0
SUBJ0033,survey_1,53,Female,0,0,0,0
SUBJ0034,survey_1,12,Male,0,1,0,0
SUBJ0035,survey_1,14,Female,1,0,1,1379
SUBJ0036,survey_1,24,Female,1,1,1,1178
SUBJ0037,survey_1,32,Female,0,0,1,0
SUBJ0038,survey_1,7,Male,0,0,0,0
SUBJ0039,survey_1,42,Male,0,1,0,0
SUBJ0040,survey_1,14,Female,0,0,1,0
SUBJ0041,survey_1,36,Female,0,0,1,0
SUBJ0042,survey_1,8,Male,0,0,1,0
SUBJ0043,survey_1,2,Male,1,1,0,7583
SUBJ0044,survey_1,60,Female,0,1,1,0
SUBJ0045,survey_1,20,Male,0,1,0,0
SUBJ0046,survey_1,18,Female,0,1,1,0
SUBJ0047,survey_1,5,Female,1,0,1,3507
SUBJ0048,survey_1,2,Male,1,1,0,5933
SUBJ0049,survey_1,8,Male,0,0,1,0
SUBJ0050,survey_1,8,Male,0,1,0,0
SUBJ0051,survey_1,51,Male,0,1,1,0
SUBJ0052,survey_1,49,Male,0,0,0,0
SUBJ0053,survey_1,46,Female,1,0,1,922
SUBJ0054,survey_1,14,Female,1,0,1,3340
SUBJ0055,survey_1,37,Female,1,0,1,1084
SUBJ0056,survey_1,1,Male,1,0,0,4234
SUBJ0057,survey_1,69,Male,0,1,1,0
SUBJ0058,survey_1,10,Female,0,1,1,0
SUBJ0059,survey_1,2,Male,1,1,0,714
SUBJ0060,survey_1,4,Male,0,0,0,0
SUBJ0061,survey_1,36,Male,0,0,1,0
SUBJ0062,survey_1,14,Female,0,0,0,0
SUBJ0063,survey_1,68,Male,0,1,0,0
SUBJ0064,survey_1,67,Female,0,1,1,0
SUBJ0065,survey_1,1,Female,0,0,1,0
SUBJ0066,survey_1,20,Male,0,0,1,0
SUBJ0067,survey_1,11,Female,0,0,1,0
SUBJ0068,survey_1,66,Female,1,0,1,163
SUBJ0069,survey_1,60,Male,0,0,1,0
SUBJ0070,survey_1,7,Male,0,0,1,0
SUBJ0071,survey_1,4,Female,0,0,1,0
SUBJ0072,survey_1,10,Female,1,0,1,10000
SUBJ0073,survey_1,61,Male,0,1,1,0
SUBJ0074,survey_1,20,Male,0,0,0,0
SUBJ0075,survey_1,32,Female,0,0,1,0
SUBJ0076,survey_1,11,Male,0,1,0,0
SUBJ0077,survey_1,2,Male,1,1,1,10000
SUBJ0078,survey_1,7,Male,0,0,1,0
SUBJ0079,survey_1,6,Female,0,0,1,0
SUBJ0080,survey_1,3,Male,0,1,0,0
SUBJ0081,survey_1,16,Male,0,0,0,0
SUBJ0082,survey_1,60,Male,0,0,1,0
SUBJ0083,survey_1,67,Female,0,0,0,0
SUBJ0084,survey_1,28,Male,0,0,1,0
SUBJ0085,survey_1,14,Male,0,1,0,0
SUBJ0086,survey_1,59,Female,0,0,0,0
SUBJ0087,survey_1,4,Male,0,0,1,0
SUBJ0088,survey_1,56,Female,0,0,0,0
SUBJ0089,survey_1,38,Male,0,1,1,0
SUBJ0090,survey_1,9,Female,0,1,1,0
SUBJ0091,survey_1,33,Male,0,1,0,0
SUBJ0092,survey_1,20,Male,0,0,0,0
SUBJ0093,survey_1,67,Male,0,0,1,0
SUBJ0094,survey_1,19,Female,0,1,1,0
SUBJ0095,survey_1,39,Female,1,1,1,366
SUBJ0096,survey_1,9,Male,0,1,0,0
SUBJ0097,survey_1,6,Male,NA,1,0,NA
SUBJ0098,survey_1,7,Male,0,0,0,0
SUBJ0099,survey_1,41,Female,0,1,0,0
SUBJ0100,survey_1,47,Female,0,1,0,0
SUBJ0101,survey_1,36,Male,1,1,1,384
SUBJ0102,survey_1,5,Female,0,0,0,0
SUBJ0103,survey_1,7,Male,1,1,1,10000
SUBJ0104,survey_1,55,Female,NA,1,1,NA
SUBJ0105,survey_1,28,Male,1,0,1,2058
SUBJ0106,survey_1,3,Female,NA,1,0,NA
SUBJ0107,survey_1,6,Female,1,1,1,8035
SUBJ0108,survey_1,21,Male,0,0,1,0
SUBJ0109,survey_1,8,Male,1,0,0,10000
SUBJ0110,survey_1,9,Male,1,0,0,2414
SUBJ0111,survey_1,63,Female,0,0,1,0
SUBJ0112,survey_1,52,Female,0,0,0,0
SUBJ0113,survey_1,40,Male,0,0,1,0
SUBJ0114,survey_1,12,Male,1,0,1,2368
SUBJ0115,survey_1,54,Female,0,1,1,0
SUBJ0116,survey_1,29,Female,0,0,1,0
SUBJ0117,survey_1,10,Female,0,0,0,0
SUBJ0118,survey_1,62,Male,0,0,1,0
SUBJ0119,survey_1,47,Female,0,0,0,0
SUBJ0120,survey_1,11,Male,1,1,0,2438
SUBJ0121,survey_1,5,Female,1,0,0,1033
SUBJ0122,survey_1,18,Male,0,1,0,0
SUBJ0123,survey_1,8,Female,1,0,1,10000
SUBJ0124,survey_1,4,Male,1,0,1,10000
SUBJ0125,survey_1,5,Female,1,0,1,4607
SUBJ0126,survey_1,33,Female,0,0,1,0
SUBJ0127,survey_1,59,Male,0,0,1,0
SUBJ0128,survey_1,70,Female,NA,1,0,NA
SUBJ0129,survey_1,70,Male,0,1,0,0
SUBJ0130,survey_1,37,Male,0,0,1,0
SUBJ0131,survey_1,9,Female,0,0,0,0
SUBJ0132,survey_1,52,Male,0,1,1,0
SUBJ0133,survey_1,29,Female,1,1,1,671
SUBJ0134,survey_1,55,Male,0,0,1,0
SUBJ0135,survey_1,46,Female,1,0,1,348
SUBJ0136,survey_1,59,Female,0,1,1,0
SUBJ0137,survey_1,34,Male,0,0,1,0
SUBJ0138,survey_1,38,Female,0,0,1,0
SUBJ0139,survey_1,65,Male,0,1,1,0
SUBJ0140,survey_1,51,Female,0,0,1,0
SUBJ0141,survey_1,46,Female,0,0,1,0
SUBJ0142,survey_1,26,Female,0,0,0,0
SUBJ0143,survey_1,11,Female,0,0,1,0
SUBJ0144,survey_1,53,Female,1,1,0,356
SUBJ0145,survey_1,7,Male,0,0,1,0
SUBJ0146,survey_1,5,Male,1,0,0,2457
SUBJ0147,survey_1,26,Male,0,1,0,0
SUBJ0148,survey_1,67,Female,0,0,1,0
SUBJ0149,survey_1,13,Male,1,0,0,2432
SUBJ0150,survey_1,7,Female,0,0,0,0
SUBJ0151,survey_1,10,Male,1,1,1,1863
SUBJ0152,survey_1,7,Male,1,0,0,4690
SUBJ0153,survey_1,52,Female,0,1,1,0
SUBJ0154,survey_1,3,Male,1,1,0,10000
SUBJ0155,survey_1,61,Male,0,0,1,0
SUBJ0156,survey_1,49,Male,0,0,1,0
SUBJ0157,survey_1,4,Male,0,0,1,0
SUBJ0158,survey_1,68,Male,0,0,0,0
SUBJ0159,survey_1,1,Male,1,1,1,10000
SUBJ0160,survey_1,3,Female,1,0,0,2557
SUBJ0161,survey_1,26,Female,0,1,0,0
SUBJ0162,survey_1,7,Male,0,0,1,0
SUBJ0163,survey_1,4,Female,1,0,0,7019
SUBJ0164,survey_1,11,Female,0,1,1,0
SUBJ0165,survey_1,4,Male,1,1,1,6990
SUBJ0166,survey_1,8,Male,1,1,1,4895
SUBJ0167,survey_1,50,Male,0,0,0,0
SUBJ0168,survey_1,3,Male,1,0,1,3680
SUBJ0169,survey_1,58,Male,0,0,1,0
SUBJ0170,survey_1,23,Female,0,0,0,0
SUBJ0171,survey_1,4,Male,0,1,1,0
SUBJ0172,survey_1,63,Male,0,1,1,0
SUBJ0173,survey_1,10,Female,0,0,1,0
SUBJ0174,survey_1,22,Female,0,0,1,0
SUBJ0175,survey_1,65,Female,0,0,1,0
SUBJ0176,survey_1,54,Male,0,0,0,0
SUBJ0177,survey_1,3,Male,1,0,0,3696
SUBJ0178,survey_1,40,Male,1,0,1,1218
SUBJ0179,survey_1,8,Female,1,0,0,994
SUBJ0180,survey_1,8,Male,1,0,0,7846
SUBJ0181,survey_1,10,Female,0,1,1,0
SUBJ0182,survey_1,60,Male,0,1,0,0
SUBJ0183,survey_1,62,Male,0,0,0,0
SUBJ0184,survey_1,25,Female,0,1,1,0
SUBJ0185,survey_1,23,Female,1,0,0,1984
SUBJ0186,survey_1,65,Male,0,0,0,0
SUBJ0187,survey_1,64,Male,0,0,1,0
SUBJ0188,survey_1,44,Female,0,1,1,0
SUBJ0189,survey_1,5,Male,1,1,1,2705
SUBJ0190,survey_1,9,Male,1,0,1,5825
SUBJ0191,survey_1,16,Male,0,0,0,0
SUBJ0192,survey_1,41,Female,0,1,0,0
SUBJ0193,survey_1,36,Female,0,0,0,0
SUBJ0194,survey_1,53,Male,0,1,1,0
SUBJ0195,survey_1,36,Female,0,0,1,0
SUBJ0196,survey_1,55,Male,1,0,1,131
SUBJ0197,survey_1,1,Male,0,0,1,0
SUBJ0198,survey_1,13,Female,0,1,1,0
SUBJ0199,survey_1,9,Female,0,0,0,0
SUBJ0200,survey_1,56,Male,0,0,1,0
SUBJ0201,survey_1,29,Female,1,0,1,1047
SUBJ0202,survey_1,67,Male,0,1,0,0
SUBJ0203,survey_1,68,Male,1,0,1,80
SUBJ0204,survey_1,3,Male,0,0,1,0
SUBJ0205,survey_1,28,Female,0,0,1,0
SUBJ0206,survey_1,8,Male,1,0,0,9973
SUBJ0207,survey_1,10,Male,1,0,1,443
SUBJ0208,survey_1,47,Male,0,1,0,0
SUBJ0209,survey_1,13,Female,1,0,0,3105
SUBJ0210,survey_1,6,Female,0,0,1,0
SUBJ0211,survey_1,54,Male,0,0,0,0
SUBJ0212,survey_1,19,Male,0,0,0,0
SUBJ0213,survey_1,52,Female,0,0,0,0
SUBJ0214,survey_1,68,Male,0,0,0,0
SUBJ0215,survey_1,5,Male,1,0,1,9704
SUBJ0216,survey_1,64,Female,0,1,1,0
SUBJ0217,survey_1,60,Male,0,0,0,0
SUBJ0218,survey_1,8,Male,1,1,1,5878
SUBJ0219,survey_1,53,Female,0,1,0,0
SUBJ0220,survey_1,68,Female,0,0,0,0
SUBJ0221,survey_1,11,Female,0,1,0,0
SUBJ0222,survey_1,59,Male,0,0,1,0
SUBJ0223,survey_1,5,Female,1,1,1,10000
SUBJ0224,survey_1,17,Female,0,0,0,0
SUBJ0225,survey_1,50,Female,0,1,0,0
SUBJ0226,survey_1,3,Male,0,1,1,0
SUBJ0227,survey_1,55,Female,1,1,1,286
SUBJ0228,survey_1,7,Male,1,0,0,5762
SUBJ0229,survey_1,17,Female,0,1,0,0
SUBJ0230,survey_1,10,Male,1,1,1,5412
SUBJ0231,survey_1,9,Male,0,1,1,0
SUBJ0232,survey_1,44,Male,0,0,1,0
SUBJ0233,survey_1,5,Male,0,1,1,0
SUBJ0234,survey_1,10,Female,0,0,1,0
SUBJ0235,survey_1,4,Male,0,1,1,0
SUBJ0236,survey_1,60,Female,1,0,1,341
SUBJ0237,survey_1,26,Male,0,0,1,0
SUBJ0238,survey_1,47,Male,1,0,0,292
SUBJ0239,survey_1,44,Male,0,1,1,0
SUBJ0240,survey_1,21,Male,0,0,0,0
SUBJ0241,survey_1,32,Male,0,0,1,0
SUBJ0242,survey_1,66,Female,0,1,1,0
SUBJ0243,survey_1,7,Female,1,1,1,7118
SUBJ0244,survey_1,15,Female,0,0,0,0
SUBJ0245,survey_1,1,Female,0,0,1,0
SUBJ0246,survey_1,15,Male,1,0,0,6017
SUBJ0247,survey_1,50,Female,0,1,1,0
SUBJ0248,survey_1,9,Male,0,0,0,0
SUBJ0249,survey_1,59,Male,0,0,0,0
SUBJ0250,survey_1,8,Female,1,0,1,10000
SUBJ0251,survey_1,68,Male,0,0,0,0
SUBJ0252,survey_1,3,Female,1,0,0,10000
SUBJ0253,survey_1,2,Male,0,0,0,0
SUBJ0254,survey_1,6,Male,0,1,0,0
SUBJ0255,survey_1,25,Female,0,0,0,0
SUBJ0256,survey_1,52,Male,0,0,0,0
SUBJ0257,survey_1,32,Female,0,1,0,0
SUBJ0258,survey_1,4,Female,1,0,0,8227
SUBJ0259,survey_1,38,Female,0,0,0,0
SUBJ0260,survey_1,15,Male,0,0,0,0
SUBJ0261,survey_1,3,Female,1,0,1,3732
SUBJ0262,survey_1,1,Female,1,0,1,3936
SUBJ0263,survey_1,62,Female,0,0,0,0
SUBJ0264,survey_1,29,Female,0,0,0,0
SUBJ0265,survey_1,1,Female,1,0,0,4231
SUBJ0266,survey_1,4,Female,1,0,0,7186
SUBJ0267,survey_1,19,Female,0,0,0,0
SUBJ0268,survey_1,27,Female,0,0,0,0
SUBJ0269,survey_1,1,Male,1,1,0,9925
SUBJ0270,survey_1,10,Male,0,1,1,0
SUBJ0271,survey_1,12,Male,0,0,0,0
SUBJ0272,survey_1,32,Male,0,0,1,0
SUBJ0273,survey_1,54,Male,0,0,1,0
SUBJ0274,survey_1,7,Male,1,1,1,5342
SUBJ0275,survey_1,11,Female,0,0,0,0
SUBJ0276,survey_1,23,Female,0,0,0,0
SUBJ0277,survey_1,20,Female,0,0,1,0
SUBJ0278,survey_1,40,Female,0,1,1,0
SUBJ0279,survey_1,8,Female,1,1,1,10000
SUBJ0280,survey_1,4,Male,1,0,0,2821
SUBJ0281,survey_1,42,Male,0,0,0,0
SUBJ0282,survey_1,2,Male,1,0,1,4202
SUBJ0283,survey_1,14,Male,0,1,1,0
SUBJ0284,survey_1,8,Female,0,0,1,0
SUBJ0285,survey_1,1,Female,0,0,1,0
SUBJ0286,survey_1,65,Female,0,0,0,0
SUBJ0287,survey_1,18,Male,1,0,0,1642
SUBJ0288,survey_1,11,Female,0,1,1,0
SUBJ0289,survey_1,4,Female,1,0,1,3776
SUBJ0290,survey_1,7,Male,1,0,0,6310
SUBJ0291,survey_1,3,Male,1,0,1,10000
SUBJ0292,survey_1,31,Female,0,0,1,0
SUBJ0293,survey_1,9,Male,1,0,0,4860
SUBJ0294,survey_1,16,Female,0,0,1,0
SUBJ0295,survey_1,9,Female,0,0,1,0
SUBJ0296,survey_1,26,Male,1,1,0,1350
SUBJ0297,survey_1,41,Male,0,0,0,0
SUBJ0298,survey_1,17,Male,1,0,1,2866
SUBJ0299,survey_1,3,Female,0,1,0,0
SUBJ0300,survey_1,28,Male,0,0,0,0
SUBJ0301,survey_1,33,Male,1,1,1,842
SUBJ0302,survey_1,7,Male,0,0,0,0
SUBJ0303,survey_1,44,Female,1,0,1,249
SUBJ0304,survey_1,6,Female,0,0,1,0
SUBJ0305,survey_1,3,Female,0,0,1,0
SUBJ0306,survey_1,69,Male,0,0,1,0
SUBJ0307,survey_1,7,Male,0,0,0,0
SUBJ0308,survey_1,56,Male,1,0,1,63
SUBJ0309,survey_1,51,Male,0,0,0,0
SUBJ0310,survey_1,24,Female,0,1,1,0
SUBJ0311,survey_1,55,Male,0,0,0,0
SUBJ0312,survey_1,9,Female,0,0,0,0
SUBJ0313,survey_1,31,Female,0,0,1,0
SUBJ0314,survey_1,50,Female,0,0,0,0
SUBJ0315,survey_1,6,Female,1,0,0,3740
SUBJ0316,survey_1,61,Male,0,0,0,0
SUBJ0317,survey_1,21,Male,0,0,0,0
SUBJ0318,survey_1,46,Male,0,1,1,0
SUBJ0319,survey_1,3,Female,1,0,1,1190
SUBJ0320,survey_1,4,Male,1,0,1,9066
SUBJ0321,survey_1,17,Male,0,0,1,0
SUBJ0322,survey_1,56,Male,0,0,0,0
SUBJ0323,survey_1,40,Male,0,0,0,0
SUBJ0324,survey_1,9,Male,0,0,1,0
SUBJ0325,survey_1,10,Male,1,0,1,4025
SUBJ0326,survey_1,8,Male,1,0,0,2471
SUBJ0327,survey_1,63,Male,0,0,0,0
SUBJ0328,survey_1,14,Female,0,1,0,0
SUBJ0329,survey_1,12,Female,1,1,0,9360
SUBJ0330,survey_1,33,Male,0,1,1,0
SUBJ0331,survey_1,20,Male,1,0,1,1194
SUBJ0332,survey_1,34,Female,NA,1,1,NA
SUBJ0333,survey_1,15,Female,NA,0,1,NA
SUBJ0334,survey_1,53,Female,1,0,1,272
SUBJ0335,survey_1,36,Male,0,0,0,0
SUBJ0336,survey_1,1,Male,0,1,0,0
SUBJ0337,survey_1,8,Female,0,0,0,0
SUBJ0338,survey_1,65,Female,1,0,1,117
SUBJ0339,survey_1,1,Female,1,1,1,4936
SUBJ0340,survey_1,17,Female,1,1,0,1362
SUBJ0341,survey_1,57,Male,0,0,0,0
SUBJ0342,survey_1,5,Female,1,1,0,3833
SUBJ0343,survey_1,32,Female,1,0,0,848
SUBJ0344,survey_1,57,Female,0,0,1,0
SUBJ0345,survey_1,6,Female,0,0,0,0
SUBJ0346,survey_1,18,Female,0,1,0,0
SUBJ0347,survey_1,24,Female,0,0,0,0
SUBJ0348,survey_1,3,Female,NA,0,0,NA
SUBJ0349,survey_1,39,Male,0,0,0,0
SUBJ0350,survey_1,4,Male,0,0,1,0
SUBJ0351,survey_1,20,Female,0,0,1,0
SUBJ0352,survey_1,28,Male,0,0,0,0
SUBJ0353,survey_1,6,Male,0,0,0,0
SUBJ0354,survey_1,41,Female,0,0,0,0
SUBJ0355,survey_1,12,Male,0,1,0,0
SUBJ0356,survey_1,15,Male,0,1,0,0
SUBJ0357,survey_1,3,Male,1,0,0,2792
SUBJ0358,survey_1,66,Female,1,0,1,591
SUBJ0359,survey_1,8,Female,1,0,0,1752
SUBJ0360,survey_1,14,Female,0,0,1,0
SUBJ0361,survey_1,51,Female,0,0,1,0
SUBJ0362,survey_1,7,Female,0,0,1,0
SUBJ0363,survey_1,8,Male,1,0,0,3509
SUBJ0364,survey_1,10,Female,0,1,0,0
SUBJ0365,survey_1,31,Female,0,0,0,0
SUBJ0366,survey_1,1,Female,1,1,0,8543
SUBJ0367,survey_1,5,Female,0,1,1,0
SUBJ0368,survey_1,2,Male,1,1,1,7193
SUBJ0369,survey_1,43,Female,0,0,1,0
SUBJ0370,survey_1,1,Male,0,0,1,0
SUBJ0371,survey_1,56,Male,0,0,0,0
SUBJ0372,survey_1,7,Male,1,0,0,1527
SUBJ0373,survey_1,19,Male,0,1,0,0
SUBJ0374,survey_1,31,Female,0,0,0,0
SUBJ0375,survey_1,18,Male,0,1,0,0
SUBJ0376,survey_1,4,Male,1,0,1,3940
SUBJ0377,survey_1,69,Female,1,0,1,612
SUBJ0378,survey_1,4,Male,1,0,0,4581
SUBJ0379,survey_1,13,Female,0,0,0,0
SUBJ0380,survey_1,1,Female,1,0,0,3876
SUBJ0381,survey_1,54,Male,1,0,1,2119
SUBJ0382,survey_1,12,Male,0,0,1,0
SUBJ0383,survey_1,57,Female,0,0,0,0
SUBJ0384,survey_1,63,Male,0,0,1,0
SUBJ0385,survey_1,13,Female,1,0,1,1488
SUBJ0386,survey_1,6,Male,0,0,0,0
SUBJ0387,survey_1,37,Male,0,0,0,0
SUBJ0388,survey_1,15,Female,1,0,1,786
SUBJ0389,survey_1,13,Female,0,0,0,0
SUBJ0390,survey_1,39,Male,1,0,0,245
SUBJ0391,survey_1,3,Female,1,0,0,7216
SUBJ0392,survey_1,48,Female,0,0,0,0
SUBJ0393,survey_1,10,Male,0,0,0,0
SUBJ0394,survey_1,41,Male,1,0,1,378
SUBJ0395,survey_1,66,Male,0,0,1,0
SUBJ0396,survey_1,9,Female,NA,0,0,NA
SUBJ0397,survey_1,32,Female,0,0,1,0
SUBJ0398,survey_1,14,Male,1,0,1,2974
SUBJ0399,survey_1,39,Female,0,1,0,0
SUBJ0400,survey_1,47,Male,0,0,1,0
SUBJ0401,survey_1,70,Male,0,0,0,0
SUBJ0402,survey_1,61,Male,0,1,0,0
SUBJ0403,survey_1,50,Female,0,0,0,0
SUBJ0404,survey_1,67,Female,0,0,0,0
SUBJ0405,survey_1,61,Female,0,1,1,0
SUBJ0406,survey_1,21,Male,1,0,0,2578
SUBJ0407,survey_1,20,Female,0,0,0,0
SUBJ0408,survey_1,50,Male,0,0,1,0
SUBJ0409,survey_1,63,Male,0,0,1,0
SUBJ0410,survey_1,41,Female,1,0,1,632
SUBJ0411,survey_1,19,Female,1,0,1,1302
SUBJ0412,survey_1,1,Female,0,0,1,0
SUBJ0413,survey_1,17,Female,0,0,0,0
SUBJ0414,survey_1,59,Male,0,0,0,0
SUBJ0415,survey_1,17,Male,0,0,0,0
SUBJ0416,survey_1,24,Female,0,1,1,0
SUBJ0417,survey_1,54,Male,0,0,0,0
SUBJ0418,survey_1,1,Female,0,1,1,0
SUBJ0419,survey_1,53,Male,1,0,0,851
SUBJ0420,survey_1,2,Female,0,0,1,0
SUBJ0421,survey_1,41,Female,1,0,1,1399
SUBJ0422,survey_1,22,Female,1,0,0,1345
SUBJ0423,survey_1,3,Male,0,0,0,0
SUBJ0424,survey_1,21,Male,1,0,1,6472
SUBJ0425,survey_1,26,Male,1,1,1,6180
SUBJ0426,survey_1,40,Female,0,0,0,0
SUBJ0427,survey_1,17,Female,1,0,1,3670
SUBJ0428,survey_1,62,Female,1,0,0,591
SUBJ0429,survey_1,1,Male,0,0,1,0
SUBJ0430,survey_1,1,Female,0,1,1,0
SUBJ0431,survey_1,64,Male,0,0,1,0
SUBJ0432,survey_1,10,Female,1,0,0,5358
SUBJ0433,survey_1,14,Male,1,1,0,1925
SUBJ0434,survey_1,54,Female,0,0,0,0
SUBJ0435,survey_1,44,Female,0,0,0,0
SUBJ0436,survey_1,25,Male,0,0,1,0
SUBJ0437,survey_1,62,Male,1,1,1,803
SUBJ0438,survey_1,41,Female,0,0,1,0
SUBJ0439,survey_1,2,Female,0,0,1,0
SUBJ0440,survey_1,37,Female,0,0,1,0
SUBJ0441,survey_1,5,Female,1,0,1,2391
SUBJ0442,survey_1,8,Female,0,0,1,0
SUBJ0443,survey_1,67,Male,0,0,0,0
SUBJ0444,survey_1,22,Female,0,1,1,0
SUBJ0445,survey_1,61,Female,0,1,1,0
SUBJ0446,survey_1,16,Female,0,0,0,0
SUBJ0447,survey_1,25,Male,0,0,0,0
SUBJ0448,survey_1,1,Male,0,0,0,0
SUBJ0449,survey_1,5,Female,0,1,0,0
SUBJ0450,survey_1,17,Female,0,0,0,0
SUBJ0451,survey_1,15,Female,1,0,1,3596
SUBJ0452,survey_1,47,Female,0,0,0,0
SUBJ0453,survey_1,1,Male,1,0,1,4533
SUBJ0454,survey_1,49,Male,0,1,0,0
SUBJ0455,survey_1,48,Male,0,0,1,0
SUBJ0456,survey_1,23,Male,0,0,1,0
SUBJ0457,survey_1,1,Female,0,1,0,0
SUBJ0458,survey_1,9,Female,1,1,0,1415
SUBJ0459,survey_1,18,Female,0,0,0,0
SUBJ0460,survey_1,16,Female,0,0,1,0
SUBJ0461,survey_1,70,Male,0,0,1,0
SUBJ0462,survey_1,53,Female,0,0,1,0
SUBJ0463,survey_1,1,Male,1,0,1,7442
SUBJ0464,survey_1,59,Male,1,1,0,357
SUBJ0465,survey_1,20,Female,0,0,0,0
SUBJ0466,survey_1,4,Male,1,0,0,5598
SUBJ0467,survey_1,33,Female,1,0,1,2726
SUBJ0468,survey_1,37,Male,0,1,0,0
SUBJ0469,survey_1,27,Female,0,1,1,0
SUBJ0470,survey_1,37,Female,0,1,0,0
SUBJ0471,survey_1,44,Male,0,0,1,0
SUBJ0472,survey_1,54,Male,0,1,1,0
SUBJ0473,survey_1,1,Female,1,0,0,10000
SUBJ0474,survey_1,9,Female,1,0,1,9265
SUBJ0475,survey_1,69,Male,0,0,1,0
SUBJ0476,survey_1,2,Male,0,0,1,0
SUBJ0477,survey_1,2,Male,0,0,0,0
SUBJ0478,survey_1,24,Female,0,0,1,0
SUBJ0479,survey_1,62,Female,0,0,0,0
SUBJ0480,survey_1,34,Female,1,1,1,792
SUBJ0481,survey_1,9,Male,0,1,0,0
SUBJ0482,survey_1,63,Male,0,0,0,0
SUBJ0483,survey_1,3,Female,1,0,1,10000
SUBJ0484,survey_1,4,Male,0,0,1,0
SUBJ0485,survey_1,2,Male,1,1,1,6113
SUBJ0486,survey_1,20,Female,0,1,1,0
SUBJ0487,survey_1,19,Female,1,0,0,1112
SUBJ0488,survey_1,66,Female,0,1,1,0
SUBJ0489,survey_1,10,Male,0,0,0,0
SUBJ0490,survey_1,63,Female,1,0,0,70
SUBJ0491,survey_1,17,Female,1,1,1,4471
SUBJ0492,survey_1,10,Male,1,0,1,537
SUBJ0493,survey_1,66,Male,0,0,1,0
SUBJ0494,survey_1,57,Male,0,0,0,0
SUBJ0495,survey_1,4,Male,1,0,0,3024
SUBJ0496,survey_1,16,Female,1,1,1,1272
SUBJ0497,survey_1,35,Male,NA,0,0,NA
SUBJ0498,survey_1,4,Female,1,0,0,10000
SUBJ0499,survey_1,53,Female,0,0,1,0
SUBJ0500,survey_1,9,Male,1,1,1,3191
SUBJ0501,survey_1,5,Female,1,0,1,7053
SUBJ0502,survey_1,30,Female,0,1,1,0
SUBJ0503,survey_1,8,Female,0,1,1,0
SUBJ0504,survey_1,13,Male,1,0,1,1032
SUBJ0505,survey_1,25,Male,0,0,1,0
SUBJ0506,survey_1,5,Female,1,0,1,2943
SUBJ0507,survey_1,17,Male,0,0,0,0
SUBJ0508,survey_1,5,Male,1,0,1,1728
SUBJ0509,survey_1,8,Female,0,0,1,0
SUBJ0510,survey_1,55,Female,0,0,1,0
SUBJ0511,survey_1,10,Male,0,1,0,0
SUBJ0512,survey_1,23,Male,0,1,1,0
SUBJ0513,survey_1,53,Male,NA,0,0,NA
SUBJ0514,survey_1,8,Male,0,1,1,0
SUBJ0515,survey_1,2,Male,0,0,0,0
SUBJ0516,survey_1,20,Female,0,0,0,0
SUBJ0517,survey_1,1,Male,0,1,0,0
SUBJ0518,survey_1,8,Female,1,1,0,7034
SUBJ0519,survey_1,11,Male,0,0,0,0
SUBJ0520,survey_1,8,Male,0,0,0,0
SUBJ0521,survey_1,12,Female,1,0,0,8387
SUBJ0522,survey_1,25,Female,0,0,1,0
SUBJ0523,survey_1,13,Male,0,0,1,0
SUBJ0524,survey_1,47,Male,0,1,1,0
SUBJ0525,survey_1,3,Male,0,0,0,0
SUBJ0526,survey_1,68,Female,NA,1,1,NA
SUBJ0527,survey_1,17,Male,1,0,1,742
SUBJ0528,survey_1,63,Female,0,0,1,0
SUBJ0529,survey_1,13,Female,0,1,1,0
SUBJ0530,survey_1,63,Female,0,0,1,0
SUBJ0531,survey_1,13,Female,0,1,1,0
SUBJ0532,survey_1,4,Male,1,0,1,4053
SUBJ0533,survey_1,8,Male,1,1,0,5422
SUBJ0534,survey_1,3,Male,1,0,0,3671
SUBJ0535,survey_1,69,Male,0,0,1,0
SUBJ0536,survey_1,70,Male,0,1,1,0
SUBJ0537,survey_1,64,Female,0,1,1,0
SUBJ0538,survey_1,64,Female,0,1,1,0
SUBJ0539,survey_1,63,Male,1,0,1,314
SUBJ0540,survey_1,70,Male,1,0,0,678
SUBJ0541,survey_1,35,Female,0,0,1,0
SUBJ0542,survey_1,14,Female,0,1,0,0
SUBJ0543,survey_1,21,Female,1,0,0,2018
SUBJ0544,survey_1,2,Female,1,0,0,8411
SUBJ0545,survey_1,27,Male,0,1,1,0
SUBJ0546,survey_1,8,Female,1,0,1,10000
SUBJ0547,survey_1,45,Male,0,1,1,0
SUBJ0548,survey_1,47,Male,1,0,0,178
SUBJ0549,survey_1,30,Male,0,0,1,0
SUBJ0550,survey_1,60,Female,0,0,0,0
SUBJ0551,survey_1,9,Male,1,0,0,6460
SUBJ0552,survey_1,40,Female,0,0,1,0
SUBJ0553,survey_1,39,Female,0,0,1,0
SUBJ0554,survey_1,29,Male,0,1,0,0
SUBJ0555,survey_1,12,Male,1,0,0,1310
SUBJ0556,survey_1,62,Female,0,0,0,0
SUBJ0557,survey_1,27,Female,0,0,0,0
SUBJ0558,survey_1,13,Male,0,1,0,0
SUBJ0559,survey_1,27,Female,0,0,1,0
SUBJ0560,survey_1,53,Female,0,0,1,0
SUBJ0561,survey_1,43,Female,1,0,0,1090
SUBJ0562,survey_1,10,Female,0,1,1,0
SUBJ0563,survey_1,35,Female,1,0,0,663
SUBJ0564,survey_1,15,Male,1,1,0,1622
SUBJ0565,survey_1,13,Male,0,0,0,0
SUBJ0566,survey_1,10,Female,1,0,0,2636
SUBJ0567,survey_1,1,Female,0,0,0,0
SUBJ0568,survey_1,53,Male,0,0,1,0
SUBJ0569,survey_1,10,Male,0,0,0,0
SUBJ0570,survey_1,55,Male,0,0,0,0
SUBJ0571,survey_1,10,Male,1,0,0,1383
SUBJ0572,survey_1,60,Male,0,0,0,0
SUBJ0573,survey_1,5,Female,0,0,0,0
SUBJ0574,survey_1,6,Male,1,0,0,3316
SUBJ0575,survey_1,17,Male,0,0,1,0
SUBJ0576,survey_1,5,Female,1,0,0,5071
SUBJ0577,survey_1,20,Female,0,0,1,0
SUBJ0578,survey_1,10,Female,1,0,1,1994
SUBJ0579,survey_1,40,Female,1,1,0,442
SUBJ0580,survey_1,33,Female,0,0,0,0
SUBJ0581,survey_1,5,Female,0,0,1,0
SUBJ0582,survey_1,8,Female,0,0,0,0
SUBJ0583,survey_1,26,Female,0,1,1,0
SUBJ0584,survey_1,15,Male,0,0,0,0
SUBJ0585,survey_1,30,Male,0,0,0,0
SUBJ0586,survey_1,12,Female,0,0,1,0
SUBJ0587,survey_1,4,Female,0,0,1,0
SUBJ0588,survey_1,61,Male,0,0,0,0
SUBJ0589,survey_1,57,Male,0,1,0,0
SUBJ0590,survey_1,26,Male,0,0,1,0
SUBJ0591,survey_1,9,Male,1,0,1,2580
SUBJ0592,survey_1,32,Male,0,0,1,0
SUBJ0593,survey_1,54,Male,0,0,1,0
SUBJ0594,survey_1,38,Male,1,0,0,567
SUBJ0595,survey_1,9,Male,0,0,1,0
SUBJ0596,survey_1,20,Female,0,0,1,0
SUBJ0597,survey_1,65,Male,1,0,1,245
SUBJ0598,survey_1,29,Male,1,0,1,3295
SUBJ0599,survey_1,6,Female,0,0,0,0
SUBJ0600,survey_1,23,Male,0,0,1,0
SUBJ0601,survey_1,55,Male,0,0,1,0
SUBJ0602,survey_1,17,Male,1,1,0,2047
SUBJ0603,survey_1,10,Male,0,0,0,0
SUBJ0604,survey_1,56,Male,0,0,1,0
SUBJ0605,survey_1,63,Male,0,0,1,0
SUBJ0606,survey_1,8,Female,0,0,0,0
SUBJ0607,survey_1,19,Female,0,1,1,0
SUBJ0608,survey_1,2,Male,1,0,0,1309
SUBJ0609,survey_1,26,Female,0,1,1,0
SUBJ0610,survey_1,70,Male,0,0,1,0
SUBJ0611,survey_1,56,Female,0,0,0,0
SUBJ0612,survey_1,20,Female,1,0,0,3429
SUBJ0613,survey_1,14,Female,0,0,0,0
SUBJ0614,survey_1,8,Male,0,0,0,0
SUBJ0615,survey_1,42,Female,0,0,0,0
SUBJ0616,survey_1,8,Female,1,1,0,2063
SUBJ0617,survey_1,40,Female,1,0,1,509
SUBJ0618,survey_1,29,Male,1,1,1,456
SUBJ0619,survey_1,63,Male,0,1,0,0
SUBJ0620,survey_1,61,Female,0,0,0,0
SUBJ0621,survey_1,5,Female,0,0,0,0
SUBJ0622,survey_1,32,Male,0,0,0,0
SUBJ0623,survey_1,15,Male,0,0,1,0
SUBJ0624,survey_1,8,Female,1,0,0,3040
SUBJ0625,survey_1,60,Female,0,0,0,0
SUBJ0626,survey_1,47,Male,0,1,0,0
SUBJ0627,survey_1,4,Male,0,1,1,0
SUBJ0628,survey_1,66,Female,1,0,1,66
SUBJ0629,survey_1,41,Female,0,0,1,0
SUBJ0630,survey_1,67,Male,0,1,1,0
SUBJ0631,survey_1,3,Female,0,0,1,0
SUBJ0632,survey_1,27,Female,0,0,0,0
SUBJ0633,survey_1,9,Female,0,0,0,0
SUBJ0634,survey_1,31,Female,0,1,0,0
SUBJ0635,survey_1,35,Female,0,0,1,0
SUBJ0636,survey_1,7,Female,0,1,0,0
SUBJ0637,survey_1,1,Male,0,0,1,0
SUBJ0638,survey_1,20,Male,0,1,1,0
SUBJ0639,survey_1,24,Male,0,0,0,0
SUBJ0640,survey_1,11,Male,0,0,0,0
SUBJ0641,survey_1,21,Male,0,1,1,0
SUBJ0642,survey_1,24,Female,0,1,0,0
SUBJ0643,survey_1,57,Female,0,0,0,0
SUBJ0644,survey_1,63,Female,0,0,1,0
SUBJ0645,survey_1,11,Female,1,0,0,5356
SUBJ0646,survey_1,37,Female,0,1,1,0
SUBJ0647,survey_1,4,Male,1,0,1,3330
SUBJ0648,survey_1,12,Female,0,0,0,0
SUBJ0649,survey_1,7,Male,0,0,1,0
SUBJ0650,survey_1,30,Male,1,0,0,5703
SUBJ0651,survey_1,49,Female,0,1,1,0
SUBJ0652,survey_1,63,Female,0,0,0,0
SUBJ0653,survey_1,17,Female,0,0,1,0
SUBJ0654,survey_1,1,Female,1,0,1,6410
SUBJ0655,survey_1,19,Female,0,0,0,0
SUBJ0656,survey_1,43,Female,0,1,0,0
SUBJ0657,survey_1,24,Female,0,0,1,0
SUBJ0658,survey_1,32,Female,0,0,1,0
SUBJ0659,survey_1,19,Male,1,0,1,2913
SUBJ0660,survey_1,46,Female,0,0,1,0
SUBJ0661,survey_1,42,Female,0,1,0,0
SUBJ0662,survey_1,22,Female,0,0,0,0
SUBJ0663,survey_1,70,Male,0,0,0,0
SUBJ0664,survey_1,41,Male,0,0,1,0
SUBJ0665,survey_1,3,Female,1,0,1,10000
SUBJ0666,survey_1,15,Female,0,0,1,0
SUBJ0667,survey_1,3,Female,0,0,0,0
SUBJ0668,survey_1,8,Female,0,0,0,0
SUBJ0669,survey_1,66,Male,0,0,1,0
SUBJ0670,survey_1,53,Female,0,0,1,0
SUBJ0671,survey_1,33,Male,0,0,1,0
SUBJ0672,survey_1,24,Female,1,0,1,3177
SUBJ0673,survey_1,28,Female,0,1,1,0
SUBJ0674,survey_1,4,Female,1,1,0,3697
SUBJ0675,survey_1,19,Male,0,1,1,0
SUBJ0676,survey_1,37,Male,0,1,1,0
SUBJ0677,survey_1,40,Female,0,1,0,0
SUBJ0678,survey_1,13,Male,0,0,1,0
SUBJ0679,survey_1,67,Female,0,1,1,0
SUBJ0680,survey_1,23,Female,0,0,0,0
SUBJ0681,survey_1,67,Male,0,1,0,0
SUBJ0682,survey_1,1,Male,0,0,1,0
SUBJ0683,survey_1,9,Female,1,1,0,10000
SUBJ0684,survey_1,44,Female,0,0,0,0
SUBJ0685,survey_1,69,Female,0,0,1,0
SUBJ0686,survey_1,44,Male,1,1,1,449
SUBJ0687,survey_1,17,Male,1,1,1,6336
SUBJ0688,survey_1,5,Female,NA,0,1,NA
SUBJ0689,survey_1,5,Male,1,1,1,2011
SUBJ0690,survey_1,7,Male,0,0,0,0
SUBJ0691,survey_1,21,Female,0,0,1,0
SUBJ0692,survey_1,60,Female,0,0,1,0
SUBJ0693,survey_1,20,Male,0,0,1,0
SUBJ0694,survey_1,51,Male,1,1,0,714
SUBJ0695,survey_1,18,Male,1,1,1,1022
SUBJ0696,survey_1,1,Male,0,0,0,0
SUBJ0697,survey_1,35,Female,1,0,0,784
SUBJ0698,survey_1,23,Female,0,1,0,0
SUBJ0699,survey_1,32,Female,0,0,1,0
SUBJ0700,survey_1,66,Male,0,1,1,0
SUBJ0701,survey_1,3,Male,1,1,0,6575
SUBJ0702,survey_1,3,Female,0,0,0,0
SUBJ0703,survey_1,25,Female,1,1,1,1355
SUBJ0704,survey_1,60,Male,0,1,0,0
SUBJ0705,survey_1,55,Female,0,1,1,0
SUBJ0706,survey_1,6,Female,0,0,0,0
SUBJ0707,survey_1,48,Female,1,0,1,1430
SUBJ0708,survey_1,22,Male,0,0,0,0
SUBJ0709,survey_1,4,Female,1,1,0,9114
SUBJ0710,survey_1,65,Female,0,0,1,0
SUBJ0711,survey_1,64,Male,0,1,0,0
SUBJ0712,survey_1,4,Female,0,0,1,0
SUBJ0713,survey_1,30,Male,0,1,0,0
SUBJ0714,survey_1,5,Male,0,0,0,0
SUBJ0715,survey_1,16,Male,0,0,1,0
SUBJ0716,survey_1,40,Male,0,1,1,0
SUBJ0717,survey_1,10,Male,0,1,0,0
SUBJ0718,survey_1,8,Male,0,1,0,0
SUBJ0719,survey_1,15,Male,0,1,0,0
SUBJ0720,survey_1,50,Male,0,1,1,0
SUBJ0721,survey_1,51,Male,0,0,1,0
SUBJ0722,survey_1,48,Male,1,1,0,748
SUBJ0723,survey_1,34,Male,0,0,1,0
SUBJ0724,survey_1,61,Female,1,0,0,591
SUBJ0725,survey_1,31,Female,0,1,0,0
SUBJ0726,survey_1,3,Male,1,0,0,2531
SUBJ0727,survey_1,46,Female,0,0,0,0
SUBJ0728,survey_1,37,Male,0,0,1,0
SUBJ0729,survey_1,66,Female,1,0,1,516
SUBJ0730,survey_1,2,Male,1,0,0,6547
SUBJ0731,survey_1,2,Male,1,0,0,562
SUBJ0732,survey_1,33,Female,1,0,1,1956
SUBJ0733,survey_1,7,Male,0,1,1,0
SUBJ0734,survey_1,7,Female,1,0,1,2798
SUBJ0735,survey_1,20,Female,0,0,1,0
SUBJ0736,survey_1,21,Female,1,0,1,2953
SUBJ0737,survey_1,17,Male,0,0,1,0
SUBJ0738,survey_1,57,Female,0,1,1,0
SUBJ0739,survey_1,46,Male,0,0,1,0
SUBJ0740,survey_1,4,Female,0,1,1,0
SUBJ0741,survey_1,48,Female,1,1,0,742
SUBJ0742,survey_1,55,Female,0,0,1,0
SUBJ0743,survey_1,21,Female,0,1,0,0
SUBJ0744,survey_1,51,Female,0,0,1,0
SUBJ0745,survey_1,44,Male,0,1,0,0
SUBJ0746,survey_1,9,Male,1,0,1,1427
SUBJ0747,survey_1,64,Male,0,0,0,0
SUBJ0748,survey_1,8,Male,1,1,1,10000
SUBJ0749,survey_1,9,Male,1,1,1,9378
SUBJ0750,survey_1,6,Female,1,0,0,10000
SUBJ0751,survey_1,68,Male,0,0,0,0
SUBJ0752,survey_1,67,Male,0,0,0,0
SUBJ0753,survey_1,19,Female,1,0,0,3662
SUBJ0754,survey_1,45,Male,1,0,1,574
SUBJ0755,survey_1,29,Male,0,1,1,0
SUBJ0756,survey_1,49,Female,0,1,0,0
SUBJ0757,survey_1,4,Female,0,1,0,0
SUBJ0758,survey_1,5,Female,0,0,0,0
SUBJ0759,survey_1,57,Male,0,0,1,0
SUBJ0760,survey_1,39,Male,0,1,1,0
SUBJ0761,survey_1,20,Male,0,0,1,0
SUBJ0762,survey_1,10,Male,0,1,0,0
SUBJ0763,survey_1,48,Female,0,1,0,0
SUBJ0764,survey_1,39,Male,0,0,0,0
SUBJ0765,survey_1,59,Female,0,0,0,0
SUBJ0766,survey_1,70,Female,1,0,1,139
SUBJ0767,survey_1,18,Male,1,0,1,1097
SUBJ0768,survey_1,62,Male,1,0,0,139
SUBJ0769,survey_1,31,Female,0,0,1,0
SUBJ0770,survey_1,22,Female,1,0,1,3300
SUBJ0771,survey_1,13,Male,0,0,1,0
SUBJ0772,survey_1,41,Female,1,1,0,406
SUBJ0773,survey_1,29,Female,0,0,0,0
SUBJ0774,survey_1,17,Male,0,0,1,0
SUBJ0775,survey_1,40,Male,0,0,1,0
SUBJ0776,survey_1,8,Male,0,0,1,0
SUBJ0777,survey_1,25,Male,1,0,1,1389
SUBJ0778,survey_1,53,Male,0,0,1,0
SUBJ0779,survey_1,30,Male,0,0,1,0
SUBJ0780,survey_1,5,Female,1,1,1,5401
SUBJ0781,survey_1,9,Female,1,0,1,5257
SUBJ0782,survey_1,49,Female,0,0,0,0
SUBJ0783,survey_1,30,Male,0,1,1,0
SUBJ0784,survey_1,16,Male,0,1,1,0
SUBJ0785,survey_1,3,Male,1,0,1,4024
SUBJ0786,survey_1,25,Male,0,1,1,0
SUBJ0787,survey_1,5,Female,1,0,0,2563
SUBJ0788,survey_1,40,Male,0,0,1,0
SUBJ0789,survey_1,5,Female,0,0,1,0
SUBJ0790,survey_1,15,Male,0,0,1,0
SUBJ0791,survey_1,3,Male,1,1,0,10000
SUBJ0792,survey_1,61,Female,0,1,1,0
SUBJ0793,survey_1,23,Male,0,1,0,0
SUBJ0794,survey_1,4,Male,1,1,1,10000
SUBJ0795,survey_1,50,Female,1,0,1,1959
SUBJ0796,survey_1,7,Female,0,0,1,0
SUBJ0797,survey_1,49,Female,0,1,1,0
SUBJ0798,survey_1,10,Female,1,0,0,5027
SUBJ0799,survey_1,60,Female,0,0,0,0
SUBJ0800,survey_1,37,Male,0,0,1,0
SUBJ0801,survey_1,36,Male,0,0,1,0
SUBJ0802,survey_1,50,Female,0,0,0,0
SUBJ0803,survey_1,43,Male,0,0,1,0
SUBJ0804,survey_1,61,Female,0,0,1,0
SUBJ0805,survey_1,7,Female,0,0,0,0
SUBJ0806,survey_1,18,Female,0,1,0,0
SUBJ0807,survey_1,54,Female,0,0,1,0
SUBJ0808,survey_1,62,Female,0,1,1,0
SUBJ0809,survey_1,14,Male,0,0,1,0
SUBJ0810,survey_1,42,Female,0,0,0,0
SUBJ0811,survey_1,51,Female,0,0,0,0
SUBJ0812,survey_1,19,Male,0,0,1,0
SUBJ0813,survey_1,50,Male,0,1,0,0
SUBJ0814,survey_1,6,Male,0,0,0,0
SUBJ0815,survey_1,3,Female,0,1,1,0
SUBJ0816,survey_1,17,Male,1,1,1,3181
SUBJ0817,survey_1,4,Female,1,1,0,3317
SUBJ0818,survey_1,10,Female,0,1,0,0
SUBJ0819,survey_1,9,Male,0,0,1,0
SUBJ0820,survey_1,1,Female,0,1,1,0
SUBJ0821,survey_1,20,Female,0,0,1,0
SUBJ0822,survey_1,3,Female,1,0,0,1566
SUBJ0823,survey_1,3,Female,1,1,1,1741
SUBJ0824,survey_1,3,Female,0,1,0,0
SUBJ0825,survey_1,53,Female,0,1,0,0
SUBJ0826,survey_1,61,Female,0,0,0,0
SUBJ0827,survey_1,45,Female,0,0,1,0
SUBJ0828,survey_1,6,Female,1,1,1,727
SUBJ0829,survey_1,55,Female,0,0,0,0
SUBJ0830,survey_1,64,Female,NA,0,0,NA
SUBJ0831,survey_1,8,Female,1,0,0,2860
SUBJ0832,survey_1,31,Male,0,0,1,0
SUBJ0833,survey_1,7,Female,1,1,1,2780
SUBJ0834,survey_1,10,Male,1,1,0,3303
SUBJ0835,survey_1,12,Female,0,1,1,0
SUBJ0836,survey_1,47,Male,0,0,1,0
SUBJ0837,survey_1,4,Female,0,0,1,0
SUBJ0838,survey_1,7,Male,0,0,1,0
SUBJ0839,survey_1,15,Female,1,1,0,2431
SUBJ0840,survey_1,64,Female,0,0,1,0
SUBJ0841,survey_1,16,Female,0,1,1,0
SUBJ0842,survey_1,4,Female,1,0,0,9331
SUBJ0843,survey_1,13,Female,1,0,1,3500
SUBJ0844,survey_1,41,Female,0,0,1,0
SUBJ0845,survey_1,47,Male,0,0,0,0
SUBJ0846,survey_1,2,Male,0,1,1,0
SUBJ0847,survey_1,37,Male,0,0,1,0
SUBJ0848,survey_1,13,Male,0,0,1,0
SUBJ0849,survey_1,70,Female,0,1,0,0
SUBJ0850,survey_1,1,Male,1,0,1,7173
SUBJ0851,survey_1,28,Female,0,0,0,0
SUBJ0852,survey_1,32,Male,1,1,0,8961
SUBJ0853,survey_1,3,Male,0,0,1,0
SUBJ0854,survey_1,6,Female,1,0,1,10000
SUBJ0855,survey_1,15,Male,0,1,0,0
SUBJ0856,survey_1,2,Female,0,1,0,0
SUBJ0857,survey_1,31,Female,0,0,0,0
SUBJ0858,survey_1,23,Female,0,0,0,0
SUBJ0859,survey_1,34,Male,1,1,0,1220
SUBJ0860,survey_1,8,Male,0,0,0,0
SUBJ0861,survey_1,9,Female,1,0,0,10000
SUBJ0862,survey_1,5,Male,0,0,0,0
SUBJ0863,survey_1,3,Male,1,0,1,6148
SUBJ0864,survey_1,1,Male,0,1,1,0
SUBJ0865,survey_1,51,Male,0,0,0,0
SUBJ0866,survey_1,7,Male,0,0,1,0
SUBJ0867,survey_1,43,Male,0,1,0,0
SUBJ0868,survey_1,11,Male,0,0,1,0
SUBJ0869,survey_1,66,Male,0,1,0,0
SUBJ0870,survey_1,34,Male,0,0,1,0
SUBJ0871,survey_1,17,Female,1,0,1,4792
SUBJ0872,survey_1,57,Male,0,0,0,0
SUBJ0873,survey_1,5,Female,0,0,0,0
SUBJ0874,survey_1,10,Female,0,1,1,0
SUBJ0875,survey_1,49,Female,0,0,1,0
SUBJ0876,survey_1,65,Female,0,0,0,0
SUBJ0877,survey_1,40,Female,0,0,0,0
SUBJ0878,survey_1,3,Female,0,0,0,0
SUBJ0879,survey_1,39,Male,0,1,1,0
SUBJ0880,survey_1,40,Male,0,1,0,0
SUBJ0881,survey_1,5,Female,1,1,1,1743
SUBJ0882,survey_1,4,Female,1,0,0,2619
SUBJ0883,survey_1,70,Male,1,1,1,650
SUBJ0884,survey_1,70,Male,0,0,1,0
SUBJ0885,survey_1,21,Male,1,0,1,10000
SUBJ0886,survey_1,20,Male,0,1,1,0
SUBJ0887,survey_1,60,Female,0,0,1,0
SUBJ0888,survey_1,53,Male,0,0,1,0
SUBJ0889,survey_1,51,Female,0,1,1,0
SUBJ0890,survey_1,20,Female,1,0,1,1802
SUBJ0891,survey_1,62,Female,0,0,0,0
SUBJ0892,survey_1,7,Female,1,0,0,5693
SUBJ0893,survey_1,3,Male,NA,1,1,NA
SUBJ0894,survey_1,2,Female,1,0,1,6736
SUBJ0895,survey_1,4,Male,1,0,1,1785
SUBJ0896,survey_1,11,Male,0,0,0,0
SUBJ0897,survey_1,47,Female,1,1,1,902
SUBJ0898,survey_1,42,Male,0,0,1,0
SUBJ0899,survey_1,25,Female,NA,0,1,NA
SUBJ0900,survey_1,4,Male,1,1,0,2524
SUBJ0001,survey_2,39,Female,1,1,1,672
SUBJ0002,survey_2,65,Male,0,1,1,0
SUBJ0003,survey_2,33,Female,0,1,1,0
SUBJ0004,survey_2,2,Female,0,0,1,0
SUBJ0005,survey_2,26,Female,0,0,1,0
SUBJ0006,survey_2,8,Female,0,0,1,0
SUBJ0007,survey_2,62,Male,0,1,0,0
SUBJ0008,survey_2,55,Female,0,1,0,0
SUBJ0009,survey_2,21,Female,1,1,1,377
SUBJ0010,survey_2,53,Female,0,1,1,0
SUBJ0011,survey_2,66,Female,0,1,1,0
SUBJ0012,survey_2,10,Female,0,1,1,0
SUBJ0013,survey_2,48,Male,0,1,0,0
SUBJ0014,survey_2,6,Female,0,0,0,0
SUBJ0015,survey_2,41,Female,0,1,1,0
SUBJ0016,survey_2,48,Female,0,1,1,0
SUBJ0017,survey_2,5,Female,1,0,0,1118
SUBJ0018,survey_2,30,Female,1,0,1,351
SUBJ0019,survey_2,5,Male,0,1,0,0
SUBJ0020,survey_2,33,Female,0,1,0,0
SUBJ0021,survey_2,8,Female,1,1,0,3414
SUBJ0022,survey_2,21,Male,0,0,0,0
SUBJ0023,survey_2,23,Female,0,0,1,0
SUBJ0024,survey_2,7,Male,0,0,0,0
SUBJ0025,survey_2,18,Male,0,0,0,0
SUBJ0026,survey_2,45,Male,1,0,0,163
SUBJ0027,survey_2,14,Female,0,0,1,0
SUBJ0028,survey_2,5,Male,0,1,1,0
SUBJ0029,survey_2,62,Male,1,1,1,277
SUBJ0030,survey_2,26,Male,0,1,0,0
SUBJ0031,survey_2,50,Female,1,0,1,221
SUBJ0032,survey_2,7,Female,0,1,1,0
SUBJ0033,survey_2,54,Female,0,1,0,0
SUBJ0034,survey_2,13,Male,0,1,0,0
SUBJ0035,survey_2,15,Female,0,0,1,0
SUBJ0036,survey_2,25,Female,0,0,1,0
SUBJ0037,survey_2,33,Female,1,1,1,366
SUBJ0038,survey_2,8,Male,0,1,0,0
SUBJ0039,survey_2,43,Male,0,1,0,0
SUBJ0040,survey_2,15,Female,0,0,1,0
SUBJ0041,survey_2,37,Female,0,0,1,0
SUBJ0042,survey_2,9,Male,0,1,1,0
SUBJ0043,survey_2,3,Male,0,1,0,0
SUBJ0044,survey_2,61,Female,0,1,1,0
SUBJ0045,survey_2,21,Male,0,1,0,0
SUBJ0046,survey_2,19,Female,0,1,1,0
SUBJ0047,survey_2,6,Female,0,1,1,0
SUBJ0048,survey_2,3,Male,0,1,0,0
SUBJ0049,survey_2,9,Male,0,0,1,0
SUBJ0050,survey_2,9,Male,0,1,0,0
SUBJ0051,survey_2,52,Male,0,0,1,0
SUBJ0052,survey_2,50,Male,0,1,0,0
SUBJ0053,survey_2,47,Female,0,1,1,0
SUBJ0054,survey_2,15,Female,0,1,1,0
SUBJ0055,survey_2,38,Female,0,0,1,0
SUBJ0056,survey_2,2,Male,0,1,0,0
SUBJ0057,survey_2,70,Male,0,1,1,0
SUBJ0058,survey_2,11,Female,0,0,1,0
SUBJ0059,survey_2,3,Male,1,0,0,1496
SUBJ0060,survey_2,5,Male,0,0,0,0
SUBJ0061,survey_2,37,Male,0,1,1,0
SUBJ0062,survey_2,15,Female,0,1,0,0
SUBJ0063,survey_2,69,Male,0,1,0,0
SUBJ0064,survey_2,68,Female,0,1,1,0
SUBJ0065,survey_2,2,Female,0,0,1,0
SUBJ0066,survey_2,21,Male,0,0,1,0
SUBJ0067,survey_2,12,Female,1,1,1,1073
SUBJ0068,survey_2,67,Female,0,0,1,0
SUBJ0069,survey_2,61,Male,0,0,1,0
SUBJ0070,survey_2,8,Male,1,1,1,2109
SUBJ0071,survey_2,5,Female,0,1,1,0
SUBJ0072,survey_2,11,Female,0,0,1,0
SUBJ0073,survey_2,62,Male,0,0,1,0
SUBJ0074,survey_2,21,Male,0,1,0,0
SUBJ0075,survey_2,33,Female,0,0,1,0
SUBJ0076,survey_2,12,Male,0,0,0,0
SUBJ0077,survey_2,3,Male,0,1,1,0
SUBJ0078,survey_2,8,Male,0,0,1,0
SUBJ0079,survey_2,7,Female,NA,0,1,NA
SUBJ0080,survey_2,4,Male,0,1,0,0
SUBJ0081,survey_2,17,Male,0,0,0,0
SUBJ0082,survey_2,61,Male,0,0,1,0
SUBJ0083,survey_2,68,Female,0,1,0,0
SUBJ0084,survey_2,29,Male,0,1,1,0
SUBJ0085,survey_2,15,Male,0,1,0,0
SUBJ0086,survey_2,60,Female,NA,1,0,NA
SUBJ0087,survey_2,5,Male,0,1,1,0
SUBJ0088,survey_2,57,Female,0,1,0,0
SUBJ0089,survey_2,39,Male,0,1,1,0
SUBJ0090,survey_2,10,Female,0,1,1,0
SUBJ0091,survey_2,34,Male,0,1,0,0
SUBJ0092,survey_2,21,Male,0,0,0,0
SUBJ0093,survey_2,68,Male,0,1,1,0
SUBJ0094,survey_2,20,Female,0,1,1,0
SUBJ0095,survey_2,40,Female,0,1,1,0
SUBJ0096,survey_2,10,Male,0,0,0,0
SUBJ0097,survey_2,7,Male,0,1,0,0
SUBJ0098,survey_2,8,Male,0,1,0,0
SUBJ0099,survey_2,42,Female,0,0,0,0
SUBJ0100,survey_2,48,Female,0,1,0,0
SUBJ0101,survey_2,37,Male,0,0,1,0
SUBJ0102,survey_2,6,Female,0,1,0,0
SUBJ0103,survey_2,8,Male,0,0,1,0
SUBJ0104,survey_2,56,Female,0,1,1,0
SUBJ0105,survey_2,29,Male,0,1,1,0
SUBJ0106,survey_2,4,Female,0,1,0,0
SUBJ0107,survey_2,7,Female,0,1,1,0
SUBJ0108,survey_2,22,Male,0,1,1,0
SUBJ0109,survey_2,9,Male,0,1,0,0
SUBJ0110,survey_2,10,Male,0,0,0,0
SUBJ0111,survey_2,64,Female,0,0,1,0
SUBJ0112,survey_2,53,Female,0,1,0,0
SUBJ0113,survey_2,41,Male,0,1,1,0
SUBJ0114,survey_2,13,Male,0,1,1,0
SUBJ0115,survey_2,55,Female,1,1,1,439
SUBJ0116,survey_2,30,Female,0,1,1,0
SUBJ0117,survey_2,11,Female,0,1,0,0
SUBJ0118,survey_2,63,Male,1,0,1,165
SUBJ0119,survey_2,48,Female,0,1,0,0
SUBJ0120,survey_2,12,Male,0,1,0,0
SUBJ0121,survey_2,6,Female,1,0,0,806
SUBJ0122,survey_2,19,Male,0,0,0,0
SUBJ0123,survey_2,9,Female,0,0,1,0
SUBJ0124,survey_2,5,Male,1,1,1,630
SUBJ0125,survey_2,6,Female,0,1,1,0
SUBJ0126,survey_2,34,Female,0,1,1,0
SUBJ0127,survey_2,60,Male,0,1,1,0
SUBJ0128,survey_2,71,Female,0,1,0,0
SUBJ0129,survey_2,71,Male,0,0,0,0
SUBJ0130,survey_2,38,Male,1,0,1,771
SUBJ0131,survey_2,10,Female,0,1,0,0
SUBJ0132,survey_2,53,Male,0,0,1,0
SUBJ0133,survey_2,30,Female,0,0,1,0
SUBJ0134,survey_2,56,Male,0,0,1,0
SUBJ0135,survey_2,47,Female,0,1,1,0
SUBJ0136,survey_2,60,Female,0,1,1,0
SUBJ0137,survey_2,35,Male,1,1,1,476
SUBJ0138,survey_2,39,Female,0,0,1,0
SUBJ0139,survey_2,66,Male,0,0,1,0
SUBJ0140,survey_2,52,Female,0,1,1,0
SUBJ0141,survey_2,47,Female,0,0,1,0
SUBJ0142,survey_2,27,Female,0,1,0,0
SUBJ0143,survey_2,12,Female,0,1,1,0
SUBJ0144,survey_2,54,Female,0,1,0,0
SUBJ0145,survey_2,8,Male,0,1,1,0
SUBJ0146,survey_2,6,Male,0,1,0,0
SUBJ0147,survey_2,27,Male,0,1,0,0
SUBJ0148,survey_2,68,Female,0,0,1,0
SUBJ0149,survey_2,14,Male,0,1,0,0
SUBJ0150,survey_2,8,Female,0,1,0,0
SUBJ0151,survey_2,11,Male,0,1,1,0
SUBJ0152,survey_2,8,Male,0,0,0,0
SUBJ0153,survey_2,53,Female,0,0,1,0
SUBJ0154,survey_2,4,Male,0,0,0,0
SUBJ0155,survey_2,62,Male,1,0,1,155
SUBJ0156,survey_2,50,Male,0,1,1,0
SUBJ0157,survey_2,5,Male,0,1,1,0
SUBJ0158,survey_2,69,Male,0,1,0,0
SUBJ0159,survey_2,2,Male,0,0,1,0
SUBJ0160,survey_2,4,Female,0,1,0,0
SUBJ0161,survey_2,27,Female,0,0,0,0
SUBJ0162,survey_2,8,Male,0,1,1,0
SUBJ0163,survey_2,5,Female,NA,0,0,NA
SUBJ0164,survey_2,12,Female,1,1,1,1564
SUBJ0165,survey_2,5,Male,0,0,1,0
SUBJ0166,survey_2,9,Male,1,1,1,1262
SUBJ0167,survey_2,51,Male,0,0,0,0
SUBJ0168,survey_2,4,Male,1,1,1,1322
SUBJ0169,survey_2,59,Male,0,0,1,0
SUBJ0170,survey_2,24,Female,0,0,0,0
SUBJ0171,survey_2,5,Male,0,0,1,0
SUBJ0172,survey_2,64,Male,0,0,1,0
SUBJ0173,survey_2,11,Female,1,1,1,459
SUBJ0174,survey_2,23,Female,0,1,1,0
SUBJ0175,survey_2,66,Female,0,0,1,0
SUBJ0176,survey_2,55,Male,0,1,0,0
SUBJ0177,survey_2,4,Male,1,1,0,5803
SUBJ0178,survey_2,41,Male,0,1,1,0
SUBJ0179,survey_2,9,Female,0,1,0,0
SUBJ0180,survey_2,9,Male,1,0,0,660
SUBJ0181,survey_2,11,Female,0,1,1,0
SUBJ0182,survey_2,61,Male,0,1,0,0
SUBJ0183,survey_2,63,Male,0,0,0,0
SUBJ0184,survey_2,26,Female,0,1,1,0
SUBJ0185,survey_2,24,Female,0,0,0,0
SUBJ0186,survey_2,66,Male,0,1,0,0
SUBJ0187,survey_2,65,Male,0,0,1,0
SUBJ0188,survey_2,45,Female,0,1,1,0
SUBJ0189,survey_2,6,Male,0,0,1,0
SUBJ0190,survey_2,10,Male,1,0,1,353
SUBJ0191,survey_2,17,Male,0,0,0,0
SUBJ0192,survey_2,42,Female,0,1,0,0
SUBJ0193,survey_2,37,Female,0,1,0,0
SUBJ0194,survey_2,54,Male,0,0,1,0
SUBJ0195,survey_2,37,Female,0,1,1,0
SUBJ0196,survey_2,56,Male,0,1,1,0
SUBJ0197,survey_2,2,Male,1,0,1,2409
SUBJ0198,survey_2,14,Female,0,0,1,0
SUBJ0199,survey_2,10,Female,0,1,0,0
SUBJ0200,survey_2,57,Male,0,0,1,0
SUBJ0201,survey_2,30,Female,0,1,1,0
SUBJ0202,survey_2,68,Male,0,1,0,0
SUBJ0203,survey_2,69,Male,0,1,1,0
SUBJ0204,survey_2,4,Male,1,1,1,1048
SUBJ0205,survey_2,29,Female,0,1,1,0
SUBJ0206,survey_2,9,Male,0,1,0,0
SUBJ0207,survey_2,11,Male,NA,1,1,NA
SUBJ0208,survey_2,48,Male,0,1,0,0
SUBJ0209,survey_2,14,Female,0,1,0,0
SUBJ0210,survey_2,7,Female,0,1,1,0
SUBJ0211,survey_2,55,Male,0,1,0,0
SUBJ0212,survey_2,20,Male,0,1,0,0
SUBJ0213,survey_2,53,Female,0,1,0,0
SUBJ0214,survey_2,69,Male,0,0,0,0
SUBJ0215,survey_2,6,Male,0,1,1,0
SUBJ0216,survey_2,65,Female,1,0,1,179
SUBJ0217,survey_2,61,Male,0,0,0,0
SUBJ0218,survey_2,9,Male,0,1,1,0
SUBJ0219,survey_2,54,Female,0,0,0,0
SUBJ0220,survey_2,69,Female,0,1,0,0
SUBJ0221,survey_2,12,Female,0,1,0,0
SUBJ0222,survey_2,60,Male,0,1,1,0
SUBJ0223,survey_2,6,Female,1,1,1,613
SUBJ0224,survey_2,18,Female,0,1,0,0
SUBJ0225,survey_2,51,Female,0,1,0,0
SUBJ0226,survey_2,4,Male,0,1,1,0
SUBJ0227,survey_2,56,Female,0,1,1,0
SUBJ0228,survey_2,8,Male,0,1,0,0
SUBJ0229,survey_2,18,Female,0,1,0,0
SUBJ0230,survey_2,11,Male,0,0,1,0
SUBJ0231,survey_2,10,Male,0,1,1,0
SUBJ0232,survey_2,45,Male,0,0,1,0
SUBJ0233,survey_2,6,Male,0,1,1,0
SUBJ0234,survey_2,11,Female,NA,1,1,NA
SUBJ0235,survey_2,5,Male,0,0,1,0
SUBJ0236,survey_2,61,Female,0,1,1,0
SUBJ0237,survey_2,27,Male,0,1,1,0
SUBJ0238,survey_2,48,Male,0,1,0,0
SUBJ0239,survey_2,45,Male,0,1,1,0
SUBJ0240,survey_2,22,Male,0,1,0,0
SUBJ0241,survey_2,33,Male,0,1,1,0
SUBJ0242,survey_2,67,Female,0,1,1,0
SUBJ0243,survey_2,8,Female,0,1,1,0
SUBJ0244,survey_2,16,Female,1,1,0,2803
SUBJ0245,survey_2,2,Female,0,1,1,0
SUBJ0246,survey_2,16,Male,1,1,0,1127
SUBJ0247,survey_2,51,Female,0,0,1,0
SUBJ0248,survey_2,10,Male,0,1,0,0
SUBJ0249,survey_2,60,Male,0,0,0,0
SUBJ0250,survey_2,9,Female,1,1,1,1812
SUBJ0251,survey_2,69,Male,1,0,0,50
SUBJ0252,survey_2,4,Female,1,0,0,9359
SUBJ0253,survey_2,3,Male,0,0,0,0
SUBJ0254,survey_2,7,Male,0,1,0,0
SUBJ0255,survey_2,26,Female,1,1,0,256
SUBJ0256,survey_2,53,Male,0,1,0,0
SUBJ0257,survey_2,33,Female,0,1,0,0
SUBJ0258,survey_2,5,Female,0,1,0,0
SUBJ0259,survey_2,39,Female,0,0,0,0
SUBJ0260,survey_2,16,Male,0,1,0,0
SUBJ0261,survey_2,4,Female,1,1,1,1982
SUBJ0262,survey_2,2,Female,1,1,1,2888
SUBJ0263,survey_2,63,Female,0,1,0,0
SUBJ0264,survey_2,30,Female,1,0,0,357
SUBJ0265,survey_2,2,Female,0,0,0,0
SUBJ0266,survey_2,5,Female,0,0,0,0
SUBJ0267,survey_2,20,Female,0,0,0,0
SUBJ0268,survey_2,28,Female,0,0,0,0
SUBJ0269,survey_2,2,Male,0,0,0,0
SUBJ0270,survey_2,11,Male,0,1,1,0
SUBJ0271,survey_2,13,Male,0,1,0,0
SUBJ0272,survey_2,33,Male,0,0,1,0
SUBJ0273,survey_2,55,Male,1,1,1,223
SUBJ0274,survey_2,8,Male,1,1,1,724
SUBJ0275,survey_2,12,Female,1,1,0,1863
SUBJ0276,survey_2,24,Female,0,1,0,0
SUBJ0277,survey_2,21,Female,0,0,1,0
SUBJ0278,survey_2,41,Female,0,1,1,0
SUBJ0279,survey_2,9,Female,0,1,1,0
SUBJ0280,survey_2,5,Male,1,0,0,1928
SUBJ0281,survey_2,43,Male,0,1,0,0
SUBJ0282,survey_2,3,Male,1,0,1,2707
SUBJ0283,survey_2,15,Male,0,0,1,0
SUBJ0284,survey_2,9,Female,0,1,1,0
SUBJ0285,survey_2,2,Female,1,1,1,1425
SUBJ0286,survey_2,66,Female,0,0,0,0
SUBJ0287,survey_2,19,Male,1,0,0,1989
SUBJ0288,survey_2,12,Female,0,1,1,0
SUBJ0289,survey_2,5,Female,1,1,1,2970
SUBJ0290,survey_2,8,Male,0,0,0,0
SUBJ0291,survey_2,4,Male,0,1,1,0
SUBJ0292,survey_2,32,Female,0,1,1,0
SUBJ0293,survey_2,10,Male,0,1,0,0
SUBJ0294,survey_2,17,Female,0,1,1,0
SUBJ0295,survey_2,10,Female,1,0,1,987
SUBJ0296,survey_2,27,Male,0,1,0,0
SUBJ0297,survey_2,42,Male,0,0,0,0
SUBJ0298,survey_2,18,Male,1,1,1,735
SUBJ0299,survey_2,4,Female,1,1,0,788
SUBJ0300,survey_2,29,Male,0,1,0,0
SUBJ0301,survey_2,34,Male,1,0,1,226
SUBJ0302,survey_2,8,Male,0,1,0,0
SUBJ0303,survey_2,45,Female,0,1,1,0
SUBJ0304,survey_2,7,Female,0,0,1,0
SUBJ0305,survey_2,4,Female,0,1,1,0
SUBJ0306,survey_2,70,Male,0,0,1,0
SUBJ0307,survey_2,8,Male,0,1,0,0
SUBJ0308,survey_2,57,Male,0,0,1,0
SUBJ0309,survey_2,52,Male,0,0,0,0
SUBJ0310,survey_2,25,Female,0,0,1,0
SUBJ0311,survey_2,56,Male,0,0,0,0
SUBJ0312,survey_2,10,Female,1,0,0,599
SUBJ0313,survey_2,32,Female,0,1,1,0
SUBJ0314,survey_2,51,Female,0,1,0,0
SUBJ0315,survey_2,7,Female,1,0,0,1829
SUBJ0316,survey_2,62,Male,0,0,0,0
SUBJ0317,survey_2,22,Male,0,1,0,0
SUBJ0318,survey_2,47,Male,0,0,1,0
SUBJ0319,survey_2,4,Female,0,1,1,0
SUBJ0320,survey_2,5,Male,0,0,1,0
SUBJ0321,survey_2,18,Male,0,1,1,0
SUBJ0322,survey_2,57,Male,0,1,0,0
SUBJ0323,survey_2,41,Male,0,0,0,0
SUBJ0324,survey_2,10,Male,1,1,1,1862
SUBJ0325,survey_2,11,Male,0,0,1,0
SUBJ0326,survey_2,9,Male,1,1,0,4273
SUBJ0327,survey_2,64,Male,0,1,0,0
SUBJ0328,survey_2,15,Female,0,1,0,0
SUBJ0329,survey_2,13,Female,0,1,0,0
SUBJ0330,survey_2,34,Male,0,0,1,0
SUBJ0331,survey_2,21,Male,1,0,1,2307
SUBJ0332,survey_2,35,Female,0,1,1,0
SUBJ0333,survey_2,16,Female,0,1,1,0
SUBJ0334,survey_2,54,Female,0,1,1,0
SUBJ0335,survey_2,37,Male,0,1,0,0
SUBJ0336,survey_2,2,Male,0,1,0,0
SUBJ0337,survey_2,9,Female,1,1,0,1343
SUBJ0338,survey_2,66,Female,0,0,1,0
SUBJ0339,survey_2,2,Female,1,0,1,1455
SUBJ0340,survey_2,18,Female,0,1,0,0
SUBJ0341,survey_2,58,Male,1,1,0,487
SUBJ0342,survey_2,6,Female,1,1,0,1405
SUBJ0343,survey_2,33,Female,0,1,0,0
SUBJ0344,survey_2,58,Female,0,1,1,0
SUBJ0345,survey_2,7,Female,0,1,0,0
SUBJ0346,survey_2,19,Female,0,0,0,0
SUBJ0347,survey_2,25,Female,0,0,0,0
SUBJ0348,survey_2,4,Female,0,1,0,0
SUBJ0349,survey_2,40,Male,0,0,0,0
SUBJ0350,survey_2,5,Male,0,1,1,0
SUBJ0351,survey_2,21,Female,0,1,1,0
SUBJ0352,survey_2,29,Male,0,1,0,0
SUBJ0353,survey_2,7,Male,0,1,0,0
SUBJ0354,survey_2,42,Female,0,1,0,0
SUBJ0355,survey_2,13,Male,1,1,0,945
SUBJ0356,survey_2,16,Male,0,1,0,0
SUBJ0357,survey_2,4,Male,0,1,0,0
SUBJ0358,survey_2,67,Female,1,0,1,429
SUBJ0359,survey_2,9,Female,0,1,0,0
SUBJ0360,survey_2,15,Female,0,1,1,0
SUBJ0361,survey_2,52,Female,0,0,1,0
SUBJ0362,survey_2,8,Female,0,0,1,0
SUBJ0363,survey_2,9,Male,0,1,0,0
SUBJ0364,survey_2,11,Female,0,1,0,0
SUBJ0365,survey_2,32,Female,0,0,0,0
SUBJ0366,survey_2,2,Female,0,0,0,0
SUBJ0367,survey_2,6,Female,1,0,1,1158
SUBJ0368,survey_2,3,Male,1,0,1,1769
SUBJ0369,survey_2,44,Female,0,1,1,0
SUBJ0370,survey_2,2,Male,0,1,1,0
SUBJ0371,survey_2,57,Male,0,1,0,0
SUBJ0372,survey_2,8,Male,0,0,0,0
SUBJ0373,survey_2,20,Male,0,1,0,0
SUBJ0374,survey_2,32,Female,0,1,0,0
SUBJ0375,survey_2,19,Male,1,0,0,880
SUBJ0376,survey_2,5,Male,0,0,1,0
SUBJ0377,survey_2,70,Female,1,1,1,381
SUBJ0378,survey_2,5,Male,0,0,0,0
SUBJ0379,survey_2,14,Female,1,1,0,235
SUBJ0380,survey_2,2,Female,1,1,0,2583
SUBJ0381,survey_2,55,Male,0,1,1,0
SUBJ0382,survey_2,13,Male,0,1,1,0
SUBJ0383,survey_2,58,Female,0,1,0,0
SUBJ0384,survey_2,64,Male,0,0,1,0
SUBJ0385,survey_2,14,Female,0,0,1,0
SUBJ0386,survey_2,7,Male,1,1,0,2104
SUBJ0387,survey_2,38,Male,0,0,0,0
SUBJ0388,survey_2,16,Female,0,0,1,0
SUBJ0389,survey_2,14,Female,0,0,0,0
SUBJ0390,survey_2,40,Male,0,1,0,0
SUBJ0391,survey_2,4,Female,0,0,0,0
SUBJ0392,survey_2,49,Female,0,0,0,0
SUBJ0393,survey_2,11,Male,0,1,0,0
SUBJ0394,survey_2,42,Male,0,1,1,0
SUBJ0395,survey_2,67,Male,0,1,1,0
SUBJ0396,survey_2,10,Female,0,0,0,0
SUBJ0397,survey_2,33,Female,0,0,1,0
SUBJ0398,survey_2,15,Male,0,1,1,0
SUBJ0399,survey_2,40,Female,1,0,0,50
SUBJ0400,survey_2,48,Male,0,0,1,0
SUBJ0401,survey_2,71,Male,0,0,0,0
SUBJ0402,survey_2,62,Male,0,0,0,0
SUBJ0403,survey_2,51,Female,0,0,0,0
SUBJ0404,survey_2,68,Female,0,1,0,0
SUBJ0405,survey_2,62,Female,0,1,1,0
SUBJ0406,survey_2,22,Male,0,0,0,0
SUBJ0407,survey_2,21,Female,0,1,0,0
SUBJ0408,survey_2,51,Male,0,0,1,0
SUBJ0409,survey_2,64,Male,0,0,1,0
SUBJ0410,survey_2,42,Female,0,1,1,0
SUBJ0411,survey_2,20,Female,0,1,1,0
SUBJ0412,survey_2,2,Female,0,0,1,0
SUBJ0413,survey_2,18,Female,0,1,0,0
SUBJ0414,survey_2,60,Male,0,1,0,0
SUBJ0415,survey_2,18,Male,0,1,0,0
SUBJ0416,survey_2,25,Female,1,1,1,721
SUBJ0417,survey_2,55,Male,0,1,0,0
SUBJ0418,survey_2,2,Female,0,1,1,0
SUBJ0419,survey_2,54,Male,0,1,0,0
SUBJ0420,survey_2,3,Female,0,0,1,0
SUBJ0421,survey_2,42,Female,0,0,1,0
SUBJ0422,survey_2,23,Female,1,1,0,84
SUBJ0423,survey_2,4,Male,0,1,0,0
SUBJ0424,survey_2,22,Male,0,1,1,0
SUBJ0425,survey_2,27,Male,0,0,1,0
SUBJ0426,survey_2,41,Female,0,0,0,0
SUBJ0427,survey_2,18,Female,0,1,1,0
SUBJ0428,survey_2,63,Female,0,1,0,0
SUBJ0429,survey_2,2,Male,0,0,1,0
SUBJ0430,survey_2,2,Female,0,1,1,0
SUBJ0431,survey_2,65,Male,0,0,1,0
SUBJ0432,survey_2,11,Female,0,1,0,0
SUBJ0433,survey_2,15,Male,0,1,0,0
SUBJ0434,survey_2,55,Female,1,1,0,109
SUBJ0435,survey_2,45,Female,0,0,0,0
SUBJ0436,survey_2,26,Male,0,1,1,0
SUBJ0437,survey_2,63,Male,0,1,1,0
SUBJ0438,survey_2,42,Female,0,1,1,0
SUBJ0439,survey_2,3,Female,0,1,1,0
SUBJ0440,survey_2,38,Female,NA,1,1,NA
SUBJ0441,survey_2,6,Female,0,1,1,0
SUBJ0442,survey_2,9,Female,0,1,1,0
SUBJ0443,survey_2,68,Male,0,1,0,0
SUBJ0444,survey_2,23,Female,0,0,1,0
SUBJ0445,survey_2,62,Female,0,0,1,0
SUBJ0446,survey_2,17,Female,0,1,0,0
SUBJ0447,survey_2,26,Male,0,1,0,0
SUBJ0448,survey_2,2,Male,0,0,0,0
SUBJ0449,survey_2,6,Female,0,1,0,0
SUBJ0450,survey_2,18,Female,0,0,0,0
SUBJ0451,survey_2,16,Female,0,1,1,0
SUBJ0452,survey_2,48,Female,0,0,0,0
SUBJ0453,survey_2,2,Male,0,1,1,0
SUBJ0454,survey_2,50,Male,0,0,0,0
SUBJ0455,survey_2,49,Male,0,1,1,0
SUBJ0456,survey_2,24,Male,0,1,1,0
SUBJ0457,survey_2,2,Female,1,1,0,1299
SUBJ0458,survey_2,10,Female,0,1,0,0
SUBJ0459,survey_2,19,Female,1,1,0,1902
SUBJ0460,survey_2,17,Female,0,0,1,0
SUBJ0461,survey_2,71,Male,0,1,1,0
SUBJ0462,survey_2,54,Female,0,1,1,0
SUBJ0463,survey_2,2,Male,0,1,1,0
SUBJ0464,survey_2,60,Male,0,0,0,0
SUBJ0465,survey_2,21,Female,1,1,0,420
SUBJ0466,survey_2,5,Male,0,1,0,0
SUBJ0467,survey_2,34,Female,0,0,1,0
SUBJ0468,survey_2,38,Male,0,1,0,0
SUBJ0469,survey_2,28,Female,0,1,1,0
SUBJ0470,survey_2,38,Female,1,1,0,726
SUBJ0471,survey_2,45,Male,0,1,1,0
SUBJ0472,survey_2,55,Male,0,1,1,0
SUBJ0473,survey_2,2,Female,0,0,0,0
SUBJ0474,survey_2,10,Female,0,0,1,0
SUBJ0475,survey_2,70,Male,0,0,1,0
SUBJ0476,survey_2,3,Male,1,1,1,1315
SUBJ0477,survey_2,3,Male,0,1,0,0
SUBJ0478,survey_2,25,Female,0,1,1,0
SUBJ0479,survey_2,63,Female,0,0,0,0
SUBJ0480,survey_2,35,Female,0,0,1,0
SUBJ0481,survey_2,10,Male,0,1,0,0
SUBJ0482,survey_2,64,Male,0,0,0,0
SUBJ0483,survey_2,4,Female,1,1,1,865
SUBJ0484,survey_2,5,Male,0,0,1,0
SUBJ0485,survey_2,3,Male,0,1,1,0
SUBJ0486,survey_2,21,Female,0,1,1,0
SUBJ0487,survey_2,20,Female,0,0,0,0
SUBJ0488,survey_2,67,Female,0,0,1,0
SUBJ0489,survey_2,11,Male,1,1,0,121
SUBJ0490,survey_2,64,Female,NA,0,0,NA
SUBJ0491,survey_2,18,Female,0,0,1,0
SUBJ0492,survey_2,11,Male,0,0,1,0
SUBJ0493,survey_2,67,Male,0,1,1,0
SUBJ0494,survey_2,58,Male,0,1,0,0
SUBJ0495,survey_2,5,Male,0,1,0,0
SUBJ0496,survey_2,17,Female,0,1,1,0
SUBJ0497,survey_2,36,Male,0,0,0,0
SUBJ0498,survey_2,5,Female,0,1,0,0
SUBJ0499,survey_2,54,Female,0,0,1,0
SUBJ0500,survey_2,10,Male,0,0,1,0
SUBJ0501,survey_2,6,Female,0,0,1,0
SUBJ0502,survey_2,31,Female,0,0,1,0
SUBJ0503,survey_2,9,Female,1,0,1,893
SUBJ0504,survey_2,14,Male,0,0,1,0
SUBJ0505,survey_2,26,Male,0,0,1,0
SUBJ0506,survey_2,6,Female,0,1,1,0
SUBJ0507,survey_2,18,Male,0,1,0,0
SUBJ0508,survey_2,6,Male,1,0,1,1180
SUBJ0509,survey_2,9,Female,0,0,1,0
SUBJ0510,survey_2,56,Female,0,1,1,0
SUBJ0511,survey_2,11,Male,0,1,0,0
SUBJ0512,survey_2,24,Male,0,0,1,0
SUBJ0513,survey_2,54,Male,0,1,0,0
SUBJ0514,survey_2,9,Male,0,0,1,0
SUBJ0515,survey_2,3,Male,0,1,0,0
SUBJ0516,survey_2,21,Female,0,1,0,0
SUBJ0517,survey_2,2,Male,0,1,0,0
SUBJ0518,survey_2,9,Female,0,1,0,0
SUBJ0519,survey_2,12,Male,0,1,0,0
SUBJ0520,survey_2,9,Male,0,1,0,0
SUBJ0521,survey_2,13,Female,0,1,0,0
SUBJ0522,survey_2,26,Female,0,1,1,0
SUBJ0523,survey_2,14,Male,0,1,1,0
SUBJ0524,survey_2,48,Male,0,0,1,0
SUBJ0525,survey_2,4,Male,0,0,0,0
SUBJ0526,survey_2,69,Female,0,1,1,0
SUBJ0527,survey_2,18,Male,0,1,1,0
SUBJ0528,survey_2,64,Female,0,0,1,0
SUBJ0529,survey_2,14,Female,0,1,1,0
SUBJ0530,survey_2,64,Female,0,1,1,0
SUBJ0531,survey_2,14,Female,0,1,1,0
SUBJ0532,survey_2,5,Male,0,0,1,0
SUBJ0533,survey_2,9,Male,0,0,0,0
SUBJ0534,survey_2,4,Male,1,1,0,1651
SUBJ0535,survey_2,70,Male,0,1,1,0
SUBJ0536,survey_2,71,Male,0,1,1,0
SUBJ0537,survey_2,65,Female,0,1,1,0
SUBJ0538,survey_2,65,Female,0,1,1,0
SUBJ0539,survey_2,64,Male,0,1,1,0
SUBJ0540,survey_2,71,Male,0,0,0,0
SUBJ0541,survey_2,36,Female,1,1,1,577
SUBJ0542,survey_2,15,Female,1,1,0,329
SUBJ0543,survey_2,22,Female,0,0,0,0
SUBJ0544,survey_2,3,Female,0,1,0,0
SUBJ0545,survey_2,28,Male,0,0,1,0
SUBJ0546,survey_2,9,Female,0,1,1,0
SUBJ0547,survey_2,46,Male,0,1,1,0
SUBJ0548,survey_2,48,Male,0,1,0,0
SUBJ0549,survey_2,31,Male,0,0,1,0
SUBJ0550,survey_2,61,Female,0,0,0,0
SUBJ0551,survey_2,10,Male,0,1,0,0
SUBJ0552,survey_2,41,Female,1,1,1,106
SUBJ0553,survey_2,40,Female,0,0,1,0
SUBJ0554,survey_2,30,Male,1,1,0,1082
SUBJ0555,survey_2,13,Male,0,0,0,0
SUBJ0556,survey_2,63,Female,0,1,0,0
SUBJ0557,survey_2,28,Female,0,0,0,0
SUBJ0558,survey_2,14,Male,0,0,0,0
SUBJ0559,survey_2,28,Female,0,0,1,0
SUBJ0560,survey_2,54,Female,0,0,1,0
SUBJ0561,survey_2,44,Female,0,0,0,0
SUBJ0562,survey_2,11,Female,0,0,1,0
SUBJ0563,survey_2,36,Female,0,1,0,0
SUBJ0564,survey_2,16,Male,0,1,0,0
SUBJ0565,survey_2,14,Male,0,1,0,0
SUBJ0566,survey_2,11,Female,0,1,0,0
SUBJ0567,survey_2,2,Female,1,0,0,2339
SUBJ0568,survey_2,54,Male,0,0,1,0
SUBJ0569,survey_2,11,Male,0,1,0,0
SUBJ0570,survey_2,56,Male,0,0,0,0
SUBJ0571,survey_2,11,Male,1,0,0,1525
SUBJ0572,survey_2,61,Male,0,0,0,0
SUBJ0573,survey_2,6,Female,0,0,0,0
SUBJ0574,survey_2,7,Male,0,1,0,0
SUBJ0575,survey_2,18,Male,0,1,1,0
SUBJ0576,survey_2,6,Female,0,1,0,0
SUBJ0577,survey_2,21,Female,0,1,1,0
SUBJ0578,survey_2,11,Female,0,0,1,0
SUBJ0579,survey_2,41,Female,0,0,0,0
SUBJ0580,survey_2,34,Female,0,0,0,0
SUBJ0581,survey_2,6,Female,0,1,1,0
SUBJ0582,survey_2,9,Female,0,1,0,0
SUBJ0583,survey_2,27,Female,0,1,1,0
SUBJ0584,survey_2,16,Male,0,0,0,0
SUBJ0585,survey_2,31,Male,0,1,0,0
SUBJ0586,survey_2,13,Female,0,1,1,0
SUBJ0587,survey_2,5,Female,0,0,1,0
SUBJ0588,survey_2,62,Male,0,1,0,0
SUBJ0589,survey_2,58,Male,0,1,0,0
SUBJ0590,survey_2,27,Male,1,0,1,341
SUBJ0591,survey_2,10,Male,0,0,1,0
SUBJ0592,survey_2,33,Male,0,0,1,0
SUBJ0593,survey_2,55,Male,1,1,1,208
SUBJ0594,survey_2,39,Male,0,1,0,0
SUBJ0595,survey_2,10,Male,0,0,1,0
SUBJ0596,survey_2,21,Female,0,0,1,0
SUBJ0597,survey_2,66,Male,0,0,1,0
SUBJ0598,survey_2,30,Male,0,0,1,0
SUBJ0599,survey_2,7,Female,1,1,0,6607
SUBJ0600,survey_2,24,Male,0,1,1,0
SUBJ0601,survey_2,56,Male,0,1,1,0
SUBJ0602,survey_2,18,Male,0,0,0,0
SUBJ0603,survey_2,11,Male,1,0,0,222
SUBJ0604,survey_2,57,Male,0,1,1,0
SUBJ0605,survey_2,64,Male,0,1,1,0
SUBJ0606,survey_2,9,Female,0,1,0,0
SUBJ0607,survey_2,20,Female,0,1,1,0
SUBJ0608,survey_2,3,Male,0,0,0,0
SUBJ0609,survey_2,27,Female,0,1,1,0
SUBJ0610,survey_2,71,Male,0,0,1,0
SUBJ0611,survey_2,57,Female,0,0,0,0
SUBJ0612,survey_2,21,Female,0,1,0,0
SUBJ0613,survey_2,15,Female,0,1,0,0
SUBJ0614,survey_2,9,Male,0,0,0,0
SUBJ0615,survey_2,43,Female,0,1,0,0
SUBJ0616,survey_2,9,Female,0,0,0,0
SUBJ0617,survey_2,41,Female,1,1,1,867
SUBJ0618,survey_2,30,Male,0,0,1,0
SUBJ0619,survey_2,64,Male,0,0,0,0
SUBJ0620,survey_2,62,Female,0,0,0,0
SUBJ0621,survey_2,6,Female,0,1,0,0
SUBJ0622,survey_2,33,Male,1,1,0,411
SUBJ0623,survey_2,16,Male,0,0,1,0
SUBJ0624,survey_2,9,Female,0,0,0,0
SUBJ0625,survey_2,61,Female,0,0,0,0
SUBJ0626,survey_2,48,Male,0,1,0,0
SUBJ0627,survey_2,5,Male,0,0,1,0
SUBJ0628,survey_2,67,Female,0,1,1,0
SUBJ0629,survey_2,42,Female,0,1,1,0
SUBJ0630,survey_2,68,Male,0,1,1,0
SUBJ0631,survey_2,4,Female,0,1,1,0
SUBJ0632,survey_2,28,Female,0,1,0,0
SUBJ0633,survey_2,10,Female,0,0,0,0
SUBJ0634,survey_2,32,Female,1,1,0,277
SUBJ0635,survey_2,36,Female,1,1,1,265
SUBJ0636,survey_2,8,Female,1,0,0,3082
SUBJ0637,survey_2,2,Male,0,0,1,0
SUBJ0638,survey_2,21,Male,0,0,1,0
SUBJ0639,survey_2,25,Male,0,1,0,0
SUBJ0640,survey_2,12,Male,1,0,0,912
SUBJ0641,survey_2,22,Male,0,0,1,0
SUBJ0642,survey_2,25,Female,0,1,0,0
SUBJ0643,survey_2,58,Female,0,0,0,0
SUBJ0644,survey_2,64,Female,0,0,1,0
SUBJ0645,survey_2,12,Female,0,1,0,0
SUBJ0646,survey_2,38,Female,0,1,1,0
SUBJ0647,survey_2,5,Male,0,0,1,0
SUBJ0648,survey_2,13,Female,0,0,0,0
SUBJ0649,survey_2,8,Male,0,0,1,0
SUBJ0650,survey_2,31,Male,1,1,0,352
SUBJ0651,survey_2,50,Female,0,1,1,0
SUBJ0652,survey_2,64,Female,1,1,0,284
SUBJ0653,survey_2,18,Female,0,1,1,0
SUBJ0654,survey_2,2,Female,0,1,1,0
SUBJ0655,survey_2,20,Female,0,0,0,0
SUBJ0656,survey_2,44,Female,0,0,0,0
SUBJ0657,survey_2,25,Female,0,0,1,0
SUBJ0658,survey_2,33,Female,0,1,1,0
SUBJ0659,survey_2,20,Male,0,0,1,0
SUBJ0660,survey_2,47,Female,0,1,1,0
SUBJ0661,survey_2,43,Female,0,0,0,0
SUBJ0662,survey_2,23,Female,1,0,0,3383
SUBJ0663,survey_2,71,Male,0,0,0,0
SUBJ0664,survey_2,42,Male,NA,0,1,NA
SUBJ0665,survey_2,4,Female,0,1,1,0
SUBJ0666,survey_2,16,Female,0,1,1,0
SUBJ0667,survey_2,4,Female,1,0,0,2781
SUBJ0668,survey_2,9,Female,0,0,0,0
SUBJ0669,survey_2,67,Male,0,1,1,0
SUBJ0670,survey_2,54,Female,0,0,1,0
SUBJ0671,survey_2,34,Male,0,0,1,0
SUBJ0672,survey_2,25,Female,0,1,1,0
SUBJ0673,survey_2,29,Female,1,0,1,866
SUBJ0674,survey_2,5,Female,1,1,0,1035
SUBJ0675,survey_2,20,Male,0,1,1,0
SUBJ0676,survey_2,38,Male,0,0,1,0
SUBJ0677,survey_2,41,Female,0,1,0,0
SUBJ0678,survey_2,14,Male,0,1,1,0
SUBJ0679,survey_2,68,Female,0,0,1,0
SUBJ0680,survey_2,24,Female,0,0,0,0
SUBJ0681,survey_2,68,Male,0,0,0,0
SUBJ0682,survey_2,2,Male,1,0,1,3268
SUBJ0683,survey_2,10,Female,0,1,0,0
SUBJ0684,survey_2,45,Female,0,0,0,0
SUBJ0685,survey_2,70,Female,0,1,1,0
SUBJ0686,survey_2,45,Male,0,0,1,0
SUBJ0687,survey_2,18,Male,0,1,1,0
SUBJ0688,survey_2,6,Female,0,0,1,0
SUBJ0689,survey_2,6,Male,0,1,1,0
SUBJ0690,survey_2,8,Male,0,1,0,0
SUBJ0691,survey_2,22,Female,1,0,1,123
SUBJ0692,survey_2,61,Female,0,1,1,0
SUBJ0693,survey_2,21,Male,0,1,1,0
SUBJ0694,survey_2,52,Male,0,1,0,0
SUBJ0695,survey_2,19,Male,0,0,1,0
SUBJ0696,survey_2,2,Male,0,0,0,0
SUBJ0697,survey_2,36,Female,0,1,0,0
SUBJ0698,survey_2,24,Female,0,1,0,0
SUBJ0699,survey_2,33,Female,0,0,1,0
SUBJ0700,survey_2,67,Male,0,0,1,0
SUBJ0701,survey_2,4,Male,0,1,0,0
SUBJ0702,survey_2,4,Female,0,0,0,0
SUBJ0703,survey_2,26,Female,0,1,1,0
SUBJ0704,survey_2,61,Male,0,0,0,0
SUBJ0705,survey_2,56,Female,0,1,1,0
SUBJ0706,survey_2,7,Female,0,0,0,0
SUBJ0707,survey_2,49,Female,0,0,1,0
SUBJ0708,survey_2,23,Male,1,1,0,930
SUBJ0709,survey_2,5,Female,0,1,0,0
SUBJ0710,survey_2,66,Female,0,1,1,0
SUBJ0711,survey_2,65,Male,0,0,0,0
SUBJ0712,survey_2,5,Female,0,0,1,0
SUBJ0713,survey_2,31,Male,0,1,0,0
SUBJ0714,survey_2,6,Male,1,1,0,2741
SUBJ0715,survey_2,17,Male,0,1,1,0
SUBJ0716,survey_2,41,Male,0,0,1,0
SUBJ0717,survey_2,11,Male,0,0,0,0
SUBJ0718,survey_2,9,Male,0,0,0,0
SUBJ0719,survey_2,16,Male,1,0,0,5884
SUBJ0720,survey_2,51,Male,0,0,1,0
SUBJ0721,survey_2,52,Male,0,1,1,0
SUBJ0722,survey_2,49,Male,0,1,0,0
SUBJ0723,survey_2,35,Male,0,1,1,0
SUBJ0724,survey_2,62,Female,0,1,0,0
SUBJ0725,survey_2,32,Female,0,1,0,0
SUBJ0726,survey_2,4,Male,0,1,0,0
SUBJ0727,survey_2,47,Female,1,1,0,1176
SUBJ0728,survey_2,38,Male,0,1,1,0
SUBJ0729,survey_2,67,Female,0,0,1,0
SUBJ0730,survey_2,3,Male,1,0,0,2388
SUBJ0731,survey_2,3,Male,1,1,0,2155
SUBJ0732,survey_2,34,Female,0,1,1,0
SUBJ0733,survey_2,8,Male,1,0,1,811
SUBJ0734,survey_2,8,Female,1,1,1,803
SUBJ0735,survey_2,21,Female,NA,1,1,NA
SUBJ0736,survey_2,22,Female,0,0,1,0
SUBJ0737,survey_2,18,Male,0,0,1,0
SUBJ0738,survey_2,58,Female,0,1,1,0
SUBJ0739,survey_2,47,Male,1,0,1,108
SUBJ0740,survey_2,5,Female,0,1,1,0
SUBJ0741,survey_2,49,Female,0,1,0,0
SUBJ0742,survey_2,56,Female,0,0,1,0
SUBJ0743,survey_2,22,Female,0,1,0,0
SUBJ0744,survey_2,52,Female,0,1,1,0
SUBJ0745,survey_2,45,Male,0,1,0,0
SUBJ0746,survey_2,10,Male,0,1,1,0
SUBJ0747,survey_2,65,Male,0,0,0,0
SUBJ0748,survey_2,9,Male,1,1,1,5306
SUBJ0749,survey_2,10,Male,0,1,1,0
SUBJ0750,survey_2,7,Female,0,1,0,0
SUBJ0751,survey_2,69,Male,1,0,0,120
SUBJ0752,survey_2,68,Male,0,1,0,0
SUBJ0753,survey_2,20,Female,0,1,0,0
SUBJ0754,survey_2,46,Male,1,1,1,194
SUBJ0755,survey_2,30,Male,0,1,1,0
SUBJ0756,survey_2,50,Female,0,0,0,0
SUBJ0757,survey_2,5,Female,0,0,0,0
SUBJ0758,survey_2,6,Female,0,1,0,0
SUBJ0759,survey_2,58,Male,0,0,1,0
SUBJ0760,survey_2,40,Male,0,0,1,0
SUBJ0761,survey_2,21,Male,1,0,1,749
SUBJ0762,survey_2,11,Male,0,0,0,0
SUBJ0763,survey_2,49,Female,0,0,0,0
SUBJ0764,survey_2,40,Male,0,1,0,0
SUBJ0765,survey_2,60,Female,0,1,0,0
SUBJ0766,survey_2,71,Female,1,0,1,122
SUBJ0767,survey_2,19,Male,1,0,1,1891
SUBJ0768,survey_2,63,Male,0,0,0,0
SUBJ0769,survey_2,32,Female,0,1,1,0
SUBJ0770,survey_2,23,Female,0,1,1,0
SUBJ0771,survey_2,14,Male,0,1,1,0
SUBJ0772,survey_2,42,Female,0,1,0,0
SUBJ0773,survey_2,30,Female,0,1,0,0
SUBJ0774,survey_2,18,Male,0,0,1,0
SUBJ0775,survey_2,41,Male,0,0,1,0
SUBJ0776,survey_2,9,Male,1,1,1,1576
SUBJ0777,survey_2,26,Male,0,1,1,0
SUBJ0778,survey_2,54,Male,0,0,1,0
SUBJ0779,survey_2,31,Male,0,1,1,0
SUBJ0780,survey_2,6,Female,0,1,1,0
SUBJ0781,survey_2,10,Female,1,1,1,1592
SUBJ0782,survey_2,50,Female,0,0,0,0
SUBJ0783,survey_2,31,Male,0,1,1,0
SUBJ0784,survey_2,17,Male,0,1,1,0
SUBJ0785,survey_2,4,Male,1,0,1,2699
SUBJ0786,survey_2,26,Male,0,0,1,0
SUBJ0787,survey_2,6,Female,1,0,0,925
SUBJ0788,survey_2,41,Male,0,1,1,0
SUBJ0789,survey_2,6,Female,0,1,1,0
SUBJ0790,survey_2,16,Male,0,1,1,0
SUBJ0791,survey_2,4,Male,0,0,0,0
SUBJ0792,survey_2,62,Female,0,0,1,0
SUBJ0793,survey_2,24,Male,0,1,0,0
SUBJ0794,survey_2,5,Male,0,1,1,0
SUBJ0795,survey_2,51,Female,0,0,1,0
SUBJ0796,survey_2,8,Female,0,1,1,0
SUBJ0797,survey_2,50,Female,0,0,1,0
SUBJ0798,survey_2,11,Female,0,0,0,0
SUBJ0799,survey_2,61,Female,0,0,0,0
SUBJ0800,survey_2,38,Male,0,1,1,0
SUBJ0801,survey_2,37,Male,0,1,1,0
SUBJ0802,survey_2,51,Female,0,1,0,0
SUBJ0803,survey_2,44,Male,0,1,1,0
SUBJ0804,survey_2,62,Female,0,0,1,0
SUBJ0805,survey_2,8,Female,0,0,0,0
SUBJ0806,survey_2,19,Female,0,1,0,0
SUBJ0807,survey_2,55,Female,0,0,1,0
SUBJ0808,survey_2,63,Female,0,1,1,0
SUBJ0809,survey_2,15,Male,1,1,1,1103
SUBJ0810,survey_2,43,Female,1,0,0,511
SUBJ0811,survey_2,52,Female,0,0,0,0
SUBJ0812,survey_2,20,Male,1,1,1,949
SUBJ0813,survey_2,51,Male,0,1,0,0
SUBJ0814,survey_2,7,Male,0,1,0,0
SUBJ0815,survey_2,4,Female,0,1,1,0
SUBJ0816,survey_2,18,Male,0,1,1,0
SUBJ0817,survey_2,5,Female,1,0,0,738
SUBJ0818,survey_2,11,Female,0,0,0,0
SUBJ0819,survey_2,10,Male,1,1,1,972
SUBJ0820,survey_2,2,Female,0,0,1,0
SUBJ0821,survey_2,21,Female,0,1,1,0
SUBJ0822,survey_2,4,Female,1,0,0,1105
SUBJ0823,survey_2,4,Female,1,1,1,2252
SUBJ0824,survey_2,4,Female,0,0,0,0
SUBJ0825,survey_2,54,Female,1,1,0,262
SUBJ0826,survey_2,62,Female,0,0,0,0
SUBJ0827,survey_2,46,Female,0,1,1,0
SUBJ0828,survey_2,7,Female,1,1,1,6003
SUBJ0829,survey_2,56,Female,1,0,0,252
SUBJ0830,survey_2,65,Female,1,1,0,363
SUBJ0831,survey_2,9,Female,1,1,0,1772
SUBJ0832,survey_2,32,Male,0,1,1,0
SUBJ0833,survey_2,8,Female,0,1,1,0
SUBJ0834,survey_2,11,Male,0,1,0,0
SUBJ0835,survey_2,13,Female,1,0,1,6893
SUBJ0836,survey_2,48,Male,0,0,1,0
SUBJ0837,survey_2,5,Female,1,1,1,1120
SUBJ0838,survey_2,8,Male,0,1,1,0
SUBJ0839,survey_2,16,Female,1,1,0,833
SUBJ0840,survey_2,65,Female,0,1,1,0
SUBJ0841,survey_2,17,Female,0,1,1,0
SUBJ0842,survey_2,5,Female,0,0,0,0
SUBJ0843,survey_2,14,Female,0,1,1,0
SUBJ0844,survey_2,42,Female,0,1,1,0
SUBJ0845,survey_2,48,Male,0,1,0,0
SUBJ0846,survey_2,3,Male,0,0,1,0
SUBJ0847,survey_2,38,Male,0,0,1,0
SUBJ0848,survey_2,14,Male,1,0,1,1009
SUBJ0849,survey_2,71,Female,0,1,0,0
SUBJ0850,survey_2,2,Male,0,1,1,0
SUBJ0851,survey_2,29,Female,0,0,0,0
SUBJ0852,survey_2,33,Male,0,1,0,0
SUBJ0853,survey_2,4,Male,1,0,1,3054
SUBJ0854,survey_2,7,Female,1,1,1,2297
SUBJ0855,survey_2,16,Male,1,1,0,825
SUBJ0856,survey_2,3,Female,0,1,0,0
SUBJ0857,survey_2,32,Female,0,1,0,0
SUBJ0858,survey_2,24,Female,0,1,0,0
SUBJ0859,survey_2,35,Male,0,0,0,0
SUBJ0860,survey_2,9,Male,0,1,0,0
SUBJ0861,survey_2,10,Female,0,0,0,0
SUBJ0862,survey_2,6,Male,0,0,0,0
SUBJ0863,survey_2,4,Male,0,1,1,0
SUBJ0864,survey_2,2,Male,0,1,1,0
SUBJ0865,survey_2,52,Male,0,1,0,0
SUBJ0866,survey_2,8,Male,0,0,1,0
SUBJ0867,survey_2,44,Male,0,1,0,0
SUBJ0868,survey_2,12,Male,0,0,1,0
SUBJ0869,survey_2,67,Male,NA,0,0,NA
SUBJ0870,survey_2,35,Male,0,0,1,0
SUBJ0871,survey_2,18,Female,0,1,1,0
SUBJ0872,survey_2,58,Male,1,0,0,215
SUBJ0873,survey_2,6,Female,1,1,0,2642
SUBJ0874,survey_2,11,Female,0,1,1,0
SUBJ0875,survey_2,50,Female,0,0,1,0
SUBJ0876,survey_2,66,Female,0,1,0,0
SUBJ0877,survey_2,41,Female,0,0,0,0
SUBJ0878,survey_2,4,Female,0,1,0,0
SUBJ0879,survey_2,40,Male,0,0,1,0
SUBJ0880,survey_2,41,Male,0,1,0,0
SUBJ0881,survey_2,6,Female,0,1,1,0
SUBJ0882,survey_2,5,Female,1,1,0,595
SUBJ0883,survey_2,71,Male,0,0,1,0
SUBJ0884,survey_2,71,Male,0,0,1,0
SUBJ0885,survey_2,22,Male,0,1,1,0
SUBJ0886,survey_2,21,Male,1,1,1,408
SUBJ0887,survey_2,61,Female,0,0,1,0
SUBJ0888,survey_2,54,Male,0,0,1,0
SUBJ0889,survey_2,52,Female,0,0,1,0
SUBJ0890,survey_2,21,Female,0,1,1,0
SUBJ0891,survey_2,63,Female,0,0,0,0
SUBJ0892,survey_2,8,Female,0,0,0,0
SUBJ0893,survey_2,4,Male,0,1,1,0
SUBJ0894,survey_2,3,Female,0,0,1,0
SUBJ0895,survey_2,5,Male,0,1,1,0
SUBJ0896,survey_2,12,Male,0,1,0,0
SUBJ0897,survey_2,48,Female,0,1,1,0
SUBJ0898,survey_2,43,Male,0,1,1,0
SUBJ0899,survey_2,26,Female,0,0,1,0
SUBJ0900,survey_2,5,Male,1,1,0,4000
